Date Time,Temp.C
08/31/20 00:00:00.0,9.82
08/31/20 04:00:00.0,6.62
08/31/20 08:00:00.0,7.03
08/31/20 12:00:00.0,10.6
08/31/20 16:00:00.0,10.99
08/31/20 20:00:00.0,7.43
09/01/20 00:00:00.0,4.99
09/01/20 04:00:00.0,2.46
09/01/20 08:00:00.0,1.17
09/01/20 12:00:00.0,4.15
09/01/20 16:00:00.0,9.82
09/01/20 20:00:00.0,10.99
09/02/20 00:00:00.0,8.23
09/02/20 04:00:00.0,6.22
09/02/20 08:00:00.0,4.57
09/02/20 12:00:00.0,9.42
09/02/20 16:00:00.0,14.47
09/02/20 20:00:00.0,14.09
09/03/20 00:00:00.0,10.99
09/03/20 04:00:00.0,9.42
09/03/20 08:00:00.0,7.83
09/03/20 12:00:00.0,11.38
09/03/20 16:00:00.0,16.76
09/03/20 20:00:00.0,16
09/04/20 00:00:00.0,11.38
09/04/20 04:00:00.0,8.23
09/04/20 08:00:00.0,7.43
09/04/20 12:00:00.0,12.16
09/04/20 16:00:00.0,16
09/04/20 20:00:00.0,14.47
09/05/20 00:00:00.0,12.16
09/05/20 04:00:00.0,7.83
09/05/20 08:00:00.0,7.03
09/05/20 12:00:00.0,12.93
09/05/20 16:00:00.0,18.28
09/05/20 20:00:00.0,18.66
09/06/20 00:00:00.0,15.62
09/06/20 04:00:00.0,13.32
09/06/20 08:00:00.0,12.16
09/06/20 12:00:00.0,14.85
09/06/20 16:00:00.0,19.04
09/06/20 20:00:00.0,18.66
09/07/20 00:00:00.0,14.47
09/07/20 04:00:00.0,12.55
09/07/20 08:00:00.0,10.6
09/07/20 12:00:00.0,12.93
09/07/20 16:00:00.0,16.76
09/07/20 20:00:00.0,15.23
09/08/20 00:00:00.0,9.82
09/08/20 04:00:00.0,3.31
09/08/20 08:00:00.0,-1.97
09/08/20 12:00:00.0,-3.85
09/08/20 16:00:00.0,-4.33
09/08/20 20:00:00.0,-4.82
09/09/20 00:00:00.0,-4.82
09/09/20 04:00:00.0,-5.31
09/09/20 08:00:00.0,-5.31
09/09/20 12:00:00.0,-4.33
09/09/20 16:00:00.0,-3.85
09/09/20 20:00:00.0,-3.37
09/10/20 00:00:00.0,-3.85
09/10/20 04:00:00.0,-3.85
09/10/20 08:00:00.0,-3.85
09/10/20 12:00:00.0,-2.44
09/10/20 16:00:00.0,-0.61
09/10/20 20:00:00.0,-1.06
09/11/20 00:00:00.0,-1.97
09/11/20 04:00:00.0,-2.9
09/11/20 08:00:00.0,-3.37
09/11/20 12:00:00.0,-2.9
09/11/20 16:00:00.0,-1.06
09/11/20 20:00:00.0,-0.61
09/12/20 00:00:00.0,-0.61
09/12/20 04:00:00.0,-0.61
09/12/20 08:00:00.0,-0.61
09/12/20 12:00:00.0,1.6
09/12/20 16:00:00.0,4.99
09/12/20 20:00:00.0,4.15
09/13/20 00:00:00.0,1.17
09/13/20 04:00:00.0,1.17
09/13/20 08:00:00.0,2.03
09/13/20 12:00:00.0,5.4
09/13/20 16:00:00.0,10.21
09/13/20 20:00:00.0,8.23
09/14/20 00:00:00.0,4.57
09/14/20 04:00:00.0,3.31
09/14/20 08:00:00.0,2.46
09/14/20 12:00:00.0,7.03
09/14/20 16:00:00.0,11.77
09/14/20 20:00:00.0,10.99
09/15/20 00:00:00.0,6.22
09/15/20 04:00:00.0,4.99
09/15/20 08:00:00.0,5.81
09/15/20 12:00:00.0,8.23
09/15/20 16:00:00.0,12.93
09/15/20 20:00:00.0,10.6
09/16/20 00:00:00.0,7.83
09/16/20 04:00:00.0,5.4
09/16/20 08:00:00.0,3.31
09/16/20 12:00:00.0,7.43
09/16/20 16:00:00.0,10.6
09/16/20 20:00:00.0,10.21
09/17/20 00:00:00.0,5.81
09/17/20 04:00:00.0,4.99
09/17/20 08:00:00.0,3.31
09/17/20 12:00:00.0,7.43
09/17/20 16:00:00.0,11.77
09/17/20 20:00:00.0,10.99
09/18/20 00:00:00.0,6.22
09/18/20 04:00:00.0,5.4
09/18/20 08:00:00.0,4.57
09/18/20 12:00:00.0,7.83
09/18/20 16:00:00.0,12.16
09/18/20 20:00:00.0,12.16
09/19/20 00:00:00.0,9.42
09/19/20 04:00:00.0,7.03
09/19/20 08:00:00.0,7.83
09/19/20 12:00:00.0,10.6
09/19/20 16:00:00.0,12.55
09/19/20 20:00:00.0,11.38
09/20/20 00:00:00.0,8.63
09/20/20 04:00:00.0,6.22
09/20/20 08:00:00.0,5.81
09/20/20 12:00:00.0,8.23
09/20/20 16:00:00.0,11.77
09/20/20 20:00:00.0,11.38
09/21/20 00:00:00.0,9.42
09/21/20 04:00:00.0,7.83
09/21/20 08:00:00.0,7.03
09/21/20 12:00:00.0,9.82
09/21/20 16:00:00.0,12.16
09/21/20 20:00:00.0,10.21
09/22/20 00:00:00.0,6.22
09/22/20 04:00:00.0,4.57
09/22/20 08:00:00.0,3.74
09/22/20 12:00:00.0,7.43
09/22/20 16:00:00.0,9.82
09/22/20 20:00:00.0,7.83
09/23/20 00:00:00.0,7.43
09/23/20 04:00:00.0,5.81
09/23/20 08:00:00.0,4.57
09/23/20 12:00:00.0,7.03
09/23/20 16:00:00.0,11.38
09/23/20 20:00:00.0,10.99
09/24/20 00:00:00.0,8.63
09/24/20 04:00:00.0,7.03
09/24/20 08:00:00.0,6.22
09/24/20 12:00:00.0,8.63
09/24/20 16:00:00.0,13.32
09/24/20 20:00:00.0,13.7
09/25/20 00:00:00.0,10.99
09/25/20 04:00:00.0,9.42
09/25/20 08:00:00.0,9.03
09/25/20 12:00:00.0,9.82
09/25/20 16:00:00.0,14.47
09/25/20 20:00:00.0,13.32
09/26/20 00:00:00.0,10.99
09/26/20 04:00:00.0,9.03
09/26/20 08:00:00.0,7.83
09/26/20 12:00:00.0,9.42
09/26/20 16:00:00.0,13.32
09/26/20 20:00:00.0,11.77
09/27/20 00:00:00.0,9.03
09/27/20 04:00:00.0,6.22
09/27/20 08:00:00.0,4.15
09/27/20 12:00:00.0,4.57
09/27/20 16:00:00.0,6.22
09/27/20 20:00:00.0,3.31
09/28/20 00:00:00.0,0.73
09/28/20 04:00:00.0,-1.51
09/28/20 08:00:00.0,-3.37
09/28/20 12:00:00.0,-2.44
09/28/20 16:00:00.0,2.46
09/28/20 20:00:00.0,2.03
09/29/20 00:00:00.0,-0.16
09/29/20 04:00:00.0,0.29
09/29/20 08:00:00.0,-0.16
09/29/20 12:00:00.0,3.74
09/29/20 16:00:00.0,8.63
09/29/20 20:00:00.0,8.23
09/30/20 00:00:00.0,5.81
09/30/20 04:00:00.0,4.57
09/30/20 08:00:00.0,3.31
09/30/20 12:00:00.0,5.4
09/30/20 16:00:00.0,9.42
09/30/20 20:00:00.0,7.43
10/01/20 00:00:00.0,4.57
10/01/20 04:00:00.0,1.17
10/01/20 08:00:00.0,1.17
10/01/20 12:00:00.0,3.74
10/01/20 16:00:00.0,7.83
10/01/20 20:00:00.0,7.03
10/02/20 00:00:00.0,4.99
10/02/20 04:00:00.0,4.15
10/02/20 08:00:00.0,2.89
10/02/20 12:00:00.0,4.99
10/02/20 16:00:00.0,8.23
10/02/20 20:00:00.0,7.03
10/03/20 00:00:00.0,4.57
10/03/20 04:00:00.0,2.89
10/03/20 08:00:00.0,1.17
10/03/20 12:00:00.0,3.31
10/03/20 16:00:00.0,7.03
10/03/20 20:00:00.0,6.22
10/04/20 00:00:00.0,3.74
10/04/20 04:00:00.0,2.89
10/04/20 08:00:00.0,2.03
10/04/20 12:00:00.0,4.99
10/04/20 16:00:00.0,9.82
10/04/20 20:00:00.0,8.63
10/05/20 00:00:00.0,7.03
10/05/20 04:00:00.0,5.4
10/05/20 08:00:00.0,3.74
10/05/20 12:00:00.0,5.4
10/05/20 16:00:00.0,9.82
10/05/20 20:00:00.0,8.63
10/06/20 00:00:00.0,6.62
10/06/20 04:00:00.0,5.4
10/06/20 08:00:00.0,4.99
10/06/20 12:00:00.0,7.03
10/06/20 16:00:00.0,11.38
10/06/20 20:00:00.0,9.82
10/07/20 00:00:00.0,8.23
10/07/20 04:00:00.0,7.43
10/07/20 08:00:00.0,4.99
10/07/20 12:00:00.0,8.23
10/07/20 16:00:00.0,11.38
10/07/20 20:00:00.0,10.21
10/08/20 00:00:00.0,7.43
10/08/20 04:00:00.0,6.62
10/08/20 08:00:00.0,6.62
10/08/20 12:00:00.0,8.23
10/08/20 16:00:00.0,11.38
10/08/20 20:00:00.0,10.21
10/09/20 00:00:00.0,7.83
10/09/20 04:00:00.0,7.03
10/09/20 08:00:00.0,5.81
10/09/20 12:00:00.0,7.43
10/09/20 16:00:00.0,10.99
10/09/20 20:00:00.0,10.21
10/10/20 00:00:00.0,7.83
10/10/20 04:00:00.0,5.81
10/10/20 08:00:00.0,5.4
10/10/20 12:00:00.0,7.03
10/10/20 16:00:00.0,10.6
10/10/20 20:00:00.0,9.42
10/11/20 00:00:00.0,7.43
10/11/20 04:00:00.0,5.4
10/11/20 08:00:00.0,4.15
10/11/20 12:00:00.0,2.03
10/11/20 16:00:00.0,-2.44
10/11/20 20:00:00.0,-4.82
10/12/20 00:00:00.0,-6.31
10/12/20 04:00:00.0,-6.82
10/12/20 08:00:00.0,-6.82
10/12/20 12:00:00.0,-4.33
10/12/20 16:00:00.0,-0.61
10/12/20 20:00:00.0,-0.16
10/13/20 00:00:00.0,-0.16
10/13/20 04:00:00.0,-0.61
10/13/20 08:00:00.0,-0.16
10/13/20 12:00:00.0,2.03
10/13/20 16:00:00.0,5.81
10/13/20 20:00:00.0,5.4
10/14/20 00:00:00.0,4.15
10/14/20 04:00:00.0,3.31
10/14/20 08:00:00.0,2.46
10/14/20 12:00:00.0,4.57
10/14/20 16:00:00.0,7.03
10/14/20 20:00:00.0,4.15
10/15/20 00:00:00.0,1.17
10/15/20 04:00:00.0,-1.51
10/15/20 08:00:00.0,-4.33
10/15/20 12:00:00.0,-3.85
10/15/20 16:00:00.0,-1.06
10/15/20 20:00:00.0,-3.37
10/16/20 00:00:00.0,-4.82
10/16/20 04:00:00.0,-6.31
10/16/20 08:00:00.0,-5.31
10/16/20 12:00:00.0,-1.97
10/16/20 16:00:00.0,1.17
10/16/20 20:00:00.0,0.73
10/17/20 00:00:00.0,-0.16
10/17/20 04:00:00.0,-1.06
10/17/20 08:00:00.0,-1.51
10/17/20 12:00:00.0,-0.16
10/17/20 16:00:00.0,2.03
10/17/20 20:00:00.0,2.03
10/18/20 00:00:00.0,1.17
10/18/20 04:00:00.0,0.73
10/18/20 08:00:00.0,0.73
10/18/20 12:00:00.0,2.89
10/18/20 16:00:00.0,4.99
10/18/20 20:00:00.0,4.57
10/19/20 00:00:00.0,2.89
10/19/20 04:00:00.0,1.6
10/19/20 08:00:00.0,1.17
10/19/20 12:00:00.0,2.89
10/19/20 16:00:00.0,5.81
10/19/20 20:00:00.0,4.57
10/20/20 00:00:00.0,3.31
10/20/20 04:00:00.0,1.6
10/20/20 08:00:00.0,0.73
10/20/20 12:00:00.0,1.17
10/20/20 16:00:00.0,4.57
10/20/20 20:00:00.0,4.57
10/21/20 00:00:00.0,3.31
10/21/20 04:00:00.0,2.46
10/21/20 08:00:00.0,1.6
10/21/20 12:00:00.0,2.89
10/21/20 16:00:00.0,6.62
10/21/20 20:00:00.0,6.22
10/22/20 00:00:00.0,4.57
10/22/20 04:00:00.0,3.74
10/22/20 08:00:00.0,2.89
10/22/20 12:00:00.0,3.74
10/22/20 16:00:00.0,4.57
10/22/20 20:00:00.0,-0.61
10/23/20 00:00:00.0,-0.61
10/23/20 04:00:00.0,-3.37
10/23/20 08:00:00.0,-3.37
10/23/20 12:00:00.0,-0.61
10/23/20 16:00:00.0,1.6
10/23/20 20:00:00.0,0.73
10/24/20 00:00:00.0,0.73
10/24/20 04:00:00.0,-0.16
10/24/20 08:00:00.0,-1.51
10/24/20 12:00:00.0,0.29
10/24/20 16:00:00.0,2.03
10/24/20 20:00:00.0,1.6
10/25/20 00:00:00.0,-0.61
10/25/20 04:00:00.0,-2.44
10/25/20 08:00:00.0,-8.38
10/25/20 12:00:00.0,-12.88
10/25/20 16:00:00.0,-12.88
10/25/20 20:00:00.0,-12.88
10/26/20 00:00:00.0,-14.1
10/26/20 04:00:00.0,-15.36
10/26/20 08:00:00.0,-15.36
10/26/20 12:00:00.0,-15.36
10/26/20 16:00:00.0,-14.73
10/26/20 20:00:00.0,-14.73
10/27/20 00:00:00.0,-14.1
10/27/20 04:00:00.0,-14.73
10/27/20 08:00:00.0,-14.73
10/27/20 12:00:00.0,-15.36
10/27/20 16:00:00.0,-14.1
10/27/20 20:00:00.0,-13.49
10/28/20 00:00:00.0,-12.88
10/28/20 04:00:00.0,-12.29
10/28/20 08:00:00.0,-11.7
10/28/20 12:00:00.0,-11.13
10/28/20 16:00:00.0,-10.01
10/28/20 20:00:00.0,-9.46
10/29/20 00:00:00.0,-8.91
10/29/20 04:00:00.0,-8.38
10/29/20 08:00:00.0,-7.33
10/29/20 12:00:00.0,-7.33
10/29/20 16:00:00.0,-5.31
10/29/20 20:00:00.0,-5.81
10/30/20 00:00:00.0,-5.81
10/30/20 04:00:00.0,-5.81
10/30/20 08:00:00.0,-5.81
10/30/20 12:00:00.0,-5.81
10/30/20 16:00:00.0,-4.33
10/30/20 20:00:00.0,-3.85
10/31/20 00:00:00.0,-3.85
10/31/20 04:00:00.0,-3.85
10/31/20 08:00:00.0,-4.33
10/31/20 12:00:00.0,-3.85
10/31/20 16:00:00.0,-2.9
10/31/20 20:00:00.0,-3.37
11/01/20 00:00:00.0,-2.9
11/01/20 03:00:00.0,-3.37
11/01/20 07:00:00.0,-2.9
11/01/20 11:00:00.0,-1.06
11/01/20 15:00:00.0,-0.61
11/01/20 19:00:00.0,-1.51
11/01/20 23:00:00.0,-1.06
11/02/20 03:00:00.0,-1.06
11/02/20 07:00:00.0,-1.51
11/02/20 11:00:00.0,-1.06
11/02/20 15:00:00.0,0.29
11/02/20 19:00:00.0,0.29
11/02/20 23:00:00.0,-0.16
11/03/20 03:00:00.0,0.73
11/03/20 07:00:00.0,0.73
11/03/20 11:00:00.0,1.6
11/03/20 15:00:00.0,2.89
11/03/20 19:00:00.0,1.6
11/03/20 23:00:00.0,1.17
11/04/20 03:00:00.0,0.73
11/04/20 07:00:00.0,0.29
11/04/20 11:00:00.0,0.73
11/04/20 15:00:00.0,1.6
11/04/20 19:00:00.0,0.73
11/04/20 23:00:00.0,0.29
11/05/20 03:00:00.0,-0.16
11/05/20 07:00:00.0,-0.61
11/05/20 11:00:00.0,-0.16
11/05/20 15:00:00.0,2.46
11/05/20 19:00:00.0,1.6
11/05/20 23:00:00.0,1.17
11/06/20 03:00:00.0,2.03
11/06/20 07:00:00.0,1.17
11/06/20 11:00:00.0,2.46
11/06/20 15:00:00.0,3.74
11/06/20 19:00:00.0,2.46
11/06/20 23:00:00.0,1.6
11/07/20 03:00:00.0,0.29
11/07/20 07:00:00.0,0.73
11/07/20 11:00:00.0,1.6
11/07/20 15:00:00.0,2.89
11/07/20 19:00:00.0,2.03
11/07/20 23:00:00.0,0.73
11/08/20 03:00:00.0,-1.97
11/08/20 07:00:00.0,-5.31
11/08/20 11:00:00.0,-6.31
11/08/20 15:00:00.0,-6.31
11/08/20 19:00:00.0,-6.31
11/08/20 23:00:00.0,-6.82
11/09/20 03:00:00.0,-7.85
11/09/20 07:00:00.0,-7.85
11/09/20 11:00:00.0,-7.85
11/09/20 15:00:00.0,-7.85
11/09/20 19:00:00.0,-9.46
11/09/20 23:00:00.0,-10.56
11/10/20 03:00:00.0,-12.29
11/10/20 07:00:00.0,-12.88
11/10/20 11:00:00.0,-13.49
11/10/20 15:00:00.0,-12.88
11/10/20 19:00:00.0,-13.49
11/10/20 23:00:00.0,-14.1
11/11/20 03:00:00.0,-14.1
11/11/20 07:00:00.0,-14.73
11/11/20 11:00:00.0,-14.1
11/11/20 15:00:00.0,-12.88
11/11/20 19:00:00.0,-12.29
11/11/20 23:00:00.0,-12.88
11/12/20 03:00:00.0,-12.88
11/12/20 07:00:00.0,-12.88
11/12/20 11:00:00.0,-14.1
11/12/20 15:00:00.0,-13.49
11/12/20 19:00:00.0,-12.88
11/12/20 23:00:00.0,-12.88
11/13/20 03:00:00.0,-12.29
11/13/20 07:00:00.0,-11.7
11/13/20 11:00:00.0,-10.01
11/13/20 15:00:00.0,-7.85
11/13/20 19:00:00.0,-7.85
11/13/20 23:00:00.0,-8.38
11/14/20 03:00:00.0,-8.38
11/14/20 07:00:00.0,-8.38
11/14/20 11:00:00.0,-9.46
11/14/20 15:00:00.0,-10.01
11/14/20 19:00:00.0,-11.7
11/14/20 23:00:00.0,-13.49
11/15/20 03:00:00.0,-14.73
11/15/20 07:00:00.0,-14.73
11/15/20 11:00:00.0,-13.49
11/15/20 15:00:00.0,-11.7
11/15/20 19:00:00.0,-10.56
11/15/20 23:00:00.0,-9.46
11/16/20 03:00:00.0,-8.91
11/16/20 07:00:00.0,-7.85
11/16/20 11:00:00.0,-6.82
11/16/20 15:00:00.0,-5.81
11/16/20 19:00:00.0,-4.82
11/16/20 23:00:00.0,-4.82
11/17/20 03:00:00.0,-5.31
11/17/20 07:00:00.0,-4.82
11/17/20 11:00:00.0,-4.82
11/17/20 15:00:00.0,-3.85
11/17/20 19:00:00.0,-2.9
11/17/20 23:00:00.0,-3.37
11/18/20 03:00:00.0,-2.44
11/18/20 07:00:00.0,-1.97
11/18/20 11:00:00.0,-0.61
11/18/20 15:00:00.0,0.73
11/18/20 19:00:00.0,0.73
11/18/20 23:00:00.0,0.29
11/19/20 03:00:00.0,-0.61
11/19/20 07:00:00.0,-1.06
11/19/20 11:00:00.0,-0.61
11/19/20 15:00:00.0,0.29
11/19/20 19:00:00.0,-1.51
11/19/20 23:00:00.0,-2.9
11/20/20 03:00:00.0,-3.85
11/20/20 07:00:00.0,-3.85
11/20/20 11:00:00.0,-3.85
11/20/20 15:00:00.0,-3.85
11/20/20 19:00:00.0,-4.33
11/20/20 23:00:00.0,-7.33
11/21/20 03:00:00.0,-5.31
11/21/20 07:00:00.0,-5.81
11/21/20 11:00:00.0,-4.82
11/21/20 15:00:00.0,-4.33
11/21/20 19:00:00.0,-5.81
11/21/20 23:00:00.0,-7.85
11/22/20 03:00:00.0,-9.46
11/22/20 07:00:00.0,-9.46
11/22/20 11:00:00.0,-8.91
11/22/20 15:00:00.0,-6.82
11/22/20 19:00:00.0,-6.31
11/22/20 23:00:00.0,-5.31
11/23/20 03:00:00.0,-4.82
11/23/20 07:00:00.0,-4.82
11/23/20 11:00:00.0,-3.85
11/23/20 15:00:00.0,-3.37
11/23/20 19:00:00.0,-4.33
11/23/20 23:00:00.0,-4.82
11/24/20 03:00:00.0,-5.31
11/24/20 07:00:00.0,-6.31
11/24/20 11:00:00.0,-6.82
11/24/20 15:00:00.0,-6.82
11/24/20 19:00:00.0,-9.46
11/24/20 23:00:00.0,-10.56
11/25/20 03:00:00.0,-11.7
11/25/20 07:00:00.0,-11.13
11/25/20 11:00:00.0,-8.91
11/25/20 15:00:00.0,-7.33
11/25/20 19:00:00.0,-7.33
11/25/20 23:00:00.0,-8.38
11/26/20 03:00:00.0,-9.46
11/26/20 07:00:00.0,-10.01
11/26/20 11:00:00.0,-9.46
11/26/20 15:00:00.0,-8.38
11/26/20 19:00:00.0,-9.46
11/26/20 23:00:00.0,-10.56
11/27/20 03:00:00.0,-11.7
11/27/20 07:00:00.0,-11.7
11/27/20 11:00:00.0,-11.7
11/27/20 15:00:00.0,-8.91
11/27/20 19:00:00.0,-10.56
11/27/20 23:00:00.0,-11.13
11/28/20 03:00:00.0,-11.7
11/28/20 07:00:00.0,-11.7
11/28/20 11:00:00.0,-9.46
11/28/20 15:00:00.0,-8.38
11/28/20 19:00:00.0,-8.38
11/28/20 23:00:00.0,-8.91
11/29/20 03:00:00.0,-11.13
11/29/20 07:00:00.0,-12.88
11/29/20 11:00:00.0,-12.88
11/29/20 15:00:00.0,-11.7
11/29/20 19:00:00.0,-12.29
11/29/20 23:00:00.0,-15.36
11/30/20 03:00:00.0,-12.88
11/30/20 07:00:00.0,-11.13
11/30/20 11:00:00.0,-10.01
11/30/20 15:00:00.0,-8.91
11/30/20 19:00:00.0,-8.91
11/30/20 23:00:00.0,-8.91
12/01/20 03:00:00.0,-9.46
12/01/20 07:00:00.0,-11.13
12/01/20 11:00:00.0,-11.7
12/01/20 15:00:00.0,-11.7
12/01/20 19:00:00.0,-12.29
12/01/20 23:00:00.0,-12.88
12/02/20 03:00:00.0,-16.68
12/02/20 07:00:00.0,-19.49
12/02/20 11:00:00.0,-17.36
12/02/20 15:00:00.0,-16.02
12/02/20 19:00:00.0,-16.02
12/02/20 23:00:00.0,-15.36
12/03/20 03:00:00.0,-14.73
12/03/20 07:00:00.0,-15.36
12/03/20 11:00:00.0,-13.49
12/03/20 15:00:00.0,-10.56
12/03/20 19:00:00.0,-11.7
12/03/20 23:00:00.0,-9.46
12/04/20 03:00:00.0,-10.56
12/04/20 07:00:00.0,-10.56
12/04/20 11:00:00.0,-8.91
12/04/20 15:00:00.0,-7.33
12/04/20 19:00:00.0,-10.01
12/04/20 23:00:00.0,-11.13
12/05/20 03:00:00.0,-12.29
12/05/20 07:00:00.0,-10.56
12/05/20 11:00:00.0,-8.91
12/05/20 15:00:00.0,-7.85
12/05/20 19:00:00.0,-7.33
12/05/20 23:00:00.0,-7.33
12/06/20 03:00:00.0,-7.85
12/06/20 07:00:00.0,-7.85
12/06/20 11:00:00.0,-6.82
12/06/20 15:00:00.0,-6.31
12/06/20 19:00:00.0,-7.85
12/06/20 23:00:00.0,-8.91
12/07/20 03:00:00.0,-9.46
12/07/20 07:00:00.0,-10.56
12/07/20 11:00:00.0,-7.85
12/07/20 15:00:00.0,-5.81
12/07/20 19:00:00.0,-6.31
12/07/20 23:00:00.0,-5.31
12/08/20 03:00:00.0,-6.31
12/08/20 07:00:00.0,-4.82
12/08/20 11:00:00.0,-3.37
12/08/20 15:00:00.0,-1.97
12/08/20 19:00:00.0,-2.44
12/08/20 23:00:00.0,-3.37
12/09/20 03:00:00.0,-4.33
12/09/20 07:00:00.0,-6.31
12/09/20 11:00:00.0,-3.85
12/09/20 15:00:00.0,-1.97
12/09/20 19:00:00.0,-2.9
12/09/20 23:00:00.0,-3.37
12/10/20 03:00:00.0,-4.33
12/10/20 07:00:00.0,-6.31
12/10/20 11:00:00.0,-6.31
12/10/20 15:00:00.0,-5.81
12/10/20 19:00:00.0,-6.82
12/10/20 23:00:00.0,-7.85
12/11/20 03:00:00.0,-9.46
12/11/20 07:00:00.0,-10.01
12/11/20 11:00:00.0,-9.46
12/11/20 15:00:00.0,-9.46
12/11/20 19:00:00.0,-12.29
12/11/20 23:00:00.0,-14.1
12/12/20 03:00:00.0,-14.73
12/12/20 07:00:00.0,-14.73
12/12/20 11:00:00.0,-14.1
12/12/20 15:00:00.0,-13.49
12/12/20 19:00:00.0,-13.49
12/12/20 23:00:00.0,-14.73
12/13/20 03:00:00.0,-16.68
12/13/20 07:00:00.0,-16.68
12/13/20 11:00:00.0,-16.68
12/13/20 15:00:00.0,-14.73
12/13/20 19:00:00.0,-13.49
12/13/20 23:00:00.0,-11.13
12/14/20 03:00:00.0,-9.46
12/14/20 07:00:00.0,-11.13
12/14/20 11:00:00.0,-9.46
12/14/20 15:00:00.0,-9.46
12/14/20 19:00:00.0,-10.01
12/14/20 23:00:00.0,-11.7
12/15/20 03:00:00.0,-12.88
12/15/20 07:00:00.0,-14.1
12/15/20 11:00:00.0,-15.36
12/15/20 15:00:00.0,-15.36
12/15/20 19:00:00.0,-16.02
12/15/20 23:00:00.0,-16.02
12/16/20 03:00:00.0,-16.02
12/16/20 07:00:00.0,-14.73
12/16/20 11:00:00.0,-14.1
12/16/20 15:00:00.0,-13.49
12/16/20 19:00:00.0,-13.49
12/16/20 23:00:00.0,-13.49
12/17/20 03:00:00.0,-13.49
12/17/20 07:00:00.0,-12.88
12/17/20 11:00:00.0,-10.56
12/17/20 15:00:00.0,-8.91
12/17/20 19:00:00.0,-9.46
12/17/20 23:00:00.0,-9.46
12/18/20 03:00:00.0,-9.46
12/18/20 07:00:00.0,-10.01
12/18/20 11:00:00.0,-10.01
12/18/20 15:00:00.0,-10.01
12/18/20 19:00:00.0,-11.13
12/18/20 23:00:00.0,-12.88
12/19/20 03:00:00.0,-14.1
12/19/20 07:00:00.0,-14.73
12/19/20 11:00:00.0,-13.49
12/19/20 15:00:00.0,-12.29
12/19/20 19:00:00.0,-12.88
12/19/20 23:00:00.0,-12.88
12/20/20 03:00:00.0,-12.88
12/20/20 07:00:00.0,-12.88
12/20/20 11:00:00.0,-11.7
12/20/20 15:00:00.0,-9.46
12/20/20 19:00:00.0,-8.38
12/20/20 23:00:00.0,-7.33
12/21/20 03:00:00.0,-6.82
12/21/20 07:00:00.0,-6.82
12/21/20 11:00:00.0,-6.82
12/21/20 15:00:00.0,-5.81
12/21/20 19:00:00.0,-5.81
12/21/20 23:00:00.0,-5.81
12/22/20 03:00:00.0,-5.81
12/22/20 07:00:00.0,-5.81
12/22/20 11:00:00.0,-5.81
12/22/20 15:00:00.0,-5.81
12/22/20 19:00:00.0,-7.33
12/22/20 23:00:00.0,-12.29
12/23/20 03:00:00.0,-14.73
12/23/20 07:00:00.0,-16.68
12/23/20 11:00:00.0,-17.36
12/23/20 15:00:00.0,-18.05
12/23/20 19:00:00.0,-19.49
12/23/20 23:00:00.0,-20.24
12/24/20 03:00:00.0,-20.24
12/24/20 07:00:00.0,-18.76
12/24/20 11:00:00.0,-17.36
12/24/20 15:00:00.0,-14.73
12/24/20 19:00:00.0,-13.49
12/24/20 23:00:00.0,-12.88
12/25/20 03:00:00.0,-12.29
12/25/20 07:00:00.0,-11.7
12/25/20 11:00:00.0,-10.56
12/25/20 15:00:00.0,-9.46
12/25/20 19:00:00.0,-8.91
12/25/20 23:00:00.0,-7.85
12/26/20 03:00:00.0,-8.38
12/26/20 07:00:00.0,-8.38
12/26/20 11:00:00.0,-7.85
12/26/20 15:00:00.0,-6.31
12/26/20 19:00:00.0,-6.82
12/26/20 23:00:00.0,-8.91
12/27/20 03:00:00.0,-9.46
12/27/20 07:00:00.0,-10.56
12/27/20 11:00:00.0,-11.7
12/27/20 15:00:00.0,-11.13
12/27/20 19:00:00.0,-11.7
12/27/20 23:00:00.0,-12.88
12/28/20 03:00:00.0,-14.73
12/28/20 07:00:00.0,-14.1
12/28/20 11:00:00.0,-13.49
12/28/20 15:00:00.0,-12.88
12/28/20 19:00:00.0,-12.29
12/28/20 23:00:00.0,-12.29
12/29/20 03:00:00.0,-11.7
12/29/20 07:00:00.0,-11.7
12/29/20 11:00:00.0,-12.29
12/29/20 15:00:00.0,-12.88
12/29/20 19:00:00.0,-14.1
12/29/20 23:00:00.0,-14.73
12/30/20 03:00:00.0,-16.02
12/30/20 07:00:00.0,-16.02
12/30/20 11:00:00.0,-16.02
12/30/20 15:00:00.0,-15.36
12/30/20 19:00:00.0,-14.73
12/30/20 23:00:00.0,-14.1
12/31/20 03:00:00.0,-13.49
12/31/20 07:00:00.0,-12.88
12/31/20 11:00:00.0,-12.88
12/31/20 15:00:00.0,-12.29
12/31/20 19:00:00.0,-12.29
12/31/20 23:00:00.0,-12.29
01/01/21 03:00:00.0,-13.49
01/01/21 07:00:00.0,-14.1
01/01/21 11:00:00.0,-14.1
01/01/21 15:00:00.0,-13.49
01/01/21 19:00:00.0,-13.49
01/01/21 23:00:00.0,-13.49
01/02/21 03:00:00.0,-13.49
01/02/21 07:00:00.0,-14.1
01/02/21 11:00:00.0,-14.1
01/02/21 15:00:00.0,-12.88
01/02/21 19:00:00.0,-12.88
01/02/21 23:00:00.0,-13.49
01/03/21 03:00:00.0,-13.49
01/03/21 07:00:00.0,-13.49
01/03/21 11:00:00.0,-12.88
01/03/21 15:00:00.0,-11.7
01/03/21 19:00:00.0,-11.13
01/03/21 23:00:00.0,-11.13
01/04/21 03:00:00.0,-11.7
01/04/21 07:00:00.0,-12.29
01/04/21 11:00:00.0,-11.7
01/04/21 15:00:00.0,-11.7
01/04/21 19:00:00.0,-10.56
01/04/21 23:00:00.0,-9.46
01/05/21 03:00:00.0,-7.85
01/05/21 07:00:00.0,-8.38
01/05/21 11:00:00.0,-8.38
01/05/21 15:00:00.0,-9.46
01/05/21 19:00:00.0,-10.56
01/05/21 23:00:00.0,-11.7
01/06/21 03:00:00.0,-12.88
01/06/21 07:00:00.0,-14.1
01/06/21 11:00:00.0,-14.1
01/06/21 15:00:00.0,-12.88
01/06/21 19:00:00.0,-11.7
01/06/21 23:00:00.0,-11.7
01/07/21 03:00:00.0,-11.7
01/07/21 07:00:00.0,-11.13
01/07/21 11:00:00.0,-10.01
01/07/21 15:00:00.0,-9.46
01/07/21 19:00:00.0,-10.01
01/07/21 23:00:00.0,-11.13
01/08/21 03:00:00.0,-12.29
01/08/21 07:00:00.0,-13.49
01/08/21 11:00:00.0,-13.49
01/08/21 15:00:00.0,-12.88
01/08/21 19:00:00.0,-13.49
01/08/21 23:00:00.0,-14.1
01/09/21 03:00:00.0,-14.73
01/09/21 07:00:00.0,-15.36
01/09/21 11:00:00.0,-14.73
01/09/21 15:00:00.0,-14.1
01/09/21 19:00:00.0,-13.49
01/09/21 23:00:00.0,-13.49
01/10/21 03:00:00.0,-14.1
01/10/21 07:00:00.0,-14.73
01/10/21 11:00:00.0,-14.73
01/10/21 15:00:00.0,-14.1
01/10/21 19:00:00.0,-14.1
01/10/21 23:00:00.0,-14.1
01/11/21 03:00:00.0,-14.73
01/11/21 07:00:00.0,-15.36
01/11/21 11:00:00.0,-15.36
01/11/21 15:00:00.0,-14.73
01/11/21 19:00:00.0,-13.49
01/11/21 23:00:00.0,-13.49
01/12/21 03:00:00.0,-13.49
01/12/21 07:00:00.0,-12.29
01/12/21 11:00:00.0,-11.7
01/12/21 15:00:00.0,-10.01
01/12/21 19:00:00.0,-9.46
01/12/21 23:00:00.0,-8.91
01/13/21 03:00:00.0,-8.91
01/13/21 07:00:00.0,-7.85
01/13/21 11:00:00.0,-6.82
01/13/21 15:00:00.0,-6.31
01/13/21 19:00:00.0,-6.82
01/13/21 23:00:00.0,-6.82
01/14/21 03:00:00.0,-8.91
01/14/21 07:00:00.0,-11.13
01/14/21 11:00:00.0,-13.49
01/14/21 15:00:00.0,-14.1
01/14/21 19:00:00.0,-14.73
01/14/21 23:00:00.0,-15.36
01/15/21 03:00:00.0,-16.68
01/15/21 07:00:00.0,-17.36
01/15/21 11:00:00.0,-16.68
01/15/21 15:00:00.0,-15.36
01/15/21 19:00:00.0,-13.49
01/15/21 23:00:00.0,-12.88
01/16/21 03:00:00.0,-12.29
01/16/21 07:00:00.0,-11.7
01/16/21 11:00:00.0,-11.7
01/16/21 15:00:00.0,-11.13
01/16/21 19:00:00.0,-11.13
01/16/21 23:00:00.0,-11.13
01/17/21 03:00:00.0,-11.13
01/17/21 07:00:00.0,-11.7
01/17/21 11:00:00.0,-11.7
01/17/21 15:00:00.0,-11.13
01/17/21 19:00:00.0,-10.56
01/17/21 23:00:00.0,-10.01
01/18/21 03:00:00.0,-10.01
01/18/21 07:00:00.0,-10.01
01/18/21 11:00:00.0,-10.01
01/18/21 15:00:00.0,-10.56
01/18/21 19:00:00.0,-10.56
01/18/21 23:00:00.0,-10.56
01/19/21 03:00:00.0,-11.13
01/19/21 07:00:00.0,-11.7
01/19/21 11:00:00.0,-12.29
01/19/21 15:00:00.0,-12.29
01/19/21 19:00:00.0,-12.29
01/19/21 23:00:00.0,-12.29
01/20/21 03:00:00.0,-12.29
01/20/21 07:00:00.0,-12.29
01/20/21 11:00:00.0,-12.29
01/20/21 15:00:00.0,-11.7
01/20/21 19:00:00.0,-11.13
01/20/21 23:00:00.0,-10.56
01/21/21 03:00:00.0,-10.56
01/21/21 07:00:00.0,-10.56
01/21/21 11:00:00.0,-10.56
01/21/21 15:00:00.0,-10.01
01/21/21 19:00:00.0,-9.46
01/21/21 23:00:00.0,-10.01
01/22/21 03:00:00.0,-9.46
01/22/21 07:00:00.0,-10.01
01/22/21 11:00:00.0,-10.01
01/22/21 15:00:00.0,-9.46
01/22/21 19:00:00.0,-8.91
01/22/21 23:00:00.0,-8.91
01/23/21 03:00:00.0,-9.46
01/23/21 07:00:00.0,-9.46
01/23/21 11:00:00.0,-9.46
01/23/21 15:00:00.0,-9.46
01/23/21 19:00:00.0,-8.91
01/23/21 23:00:00.0,-9.46
01/24/21 03:00:00.0,-9.46
01/24/21 07:00:00.0,-10.01
01/24/21 11:00:00.0,-10.56
01/24/21 15:00:00.0,-10.56
01/24/21 19:00:00.0,-10.56
01/24/21 23:00:00.0,-10.56
01/25/21 03:00:00.0,-11.13
01/25/21 07:00:00.0,-11.7
01/25/21 11:00:00.0,-11.7
01/25/21 15:00:00.0,-11.7
01/25/21 19:00:00.0,-11.7
01/25/21 23:00:00.0,-11.7
01/26/21 03:00:00.0,-12.29
01/26/21 07:00:00.0,-12.88
01/26/21 11:00:00.0,-13.49
01/26/21 15:00:00.0,-13.49
01/26/21 19:00:00.0,-12.88
01/26/21 23:00:00.0,-12.88
01/27/21 03:00:00.0,-13.49
01/27/21 07:00:00.0,-14.1
01/27/21 11:00:00.0,-14.1
01/27/21 15:00:00.0,-14.1
01/27/21 19:00:00.0,-13.49
01/27/21 23:00:00.0,-12.88
01/28/21 03:00:00.0,-12.29
01/28/21 07:00:00.0,-12.29
01/28/21 11:00:00.0,-11.7
01/28/21 15:00:00.0,-10.56
01/28/21 19:00:00.0,-10.01
01/28/21 23:00:00.0,-9.46
01/29/21 03:00:00.0,-9.46
01/29/21 07:00:00.0,-9.46
01/29/21 11:00:00.0,-9.46
01/29/21 15:00:00.0,-8.91
01/29/21 19:00:00.0,-8.38
01/29/21 23:00:00.0,-8.91
01/30/21 03:00:00.0,-9.46
01/30/21 07:00:00.0,-9.46
01/30/21 11:00:00.0,-9.46
01/30/21 15:00:00.0,-9.46
01/30/21 19:00:00.0,-9.46
01/30/21 23:00:00.0,-9.46
01/31/21 03:00:00.0,-10.56
01/31/21 07:00:00.0,-11.13
01/31/21 11:00:00.0,-11.7
01/31/21 15:00:00.0,-11.7
01/31/21 19:00:00.0,-10.56
01/31/21 23:00:00.0,-11.13
02/01/21 03:00:00.0,-11.13
02/01/21 07:00:00.0,-10.56
02/01/21 11:00:00.0,-10.56
02/01/21 15:00:00.0,-9.46
02/01/21 19:00:00.0,-8.38
02/01/21 23:00:00.0,-8.38
02/02/21 03:00:00.0,-8.38
02/02/21 07:00:00.0,-8.91
02/02/21 11:00:00.0,-8.38
02/02/21 15:00:00.0,-7.85
02/02/21 19:00:00.0,-6.82
02/02/21 23:00:00.0,-6.82
02/03/21 03:00:00.0,-6.82
02/03/21 07:00:00.0,-6.82
02/03/21 11:00:00.0,-6.31
02/03/21 15:00:00.0,-5.81
02/03/21 19:00:00.0,-5.81
02/03/21 23:00:00.0,-6.31
02/04/21 03:00:00.0,-6.82
02/04/21 07:00:00.0,-7.33
02/04/21 11:00:00.0,-8.38
02/04/21 15:00:00.0,-8.91
02/04/21 19:00:00.0,-9.46
02/04/21 23:00:00.0,-10.56
02/05/21 03:00:00.0,-11.13
02/05/21 07:00:00.0,-11.7
02/05/21 11:00:00.0,-12.29
02/05/21 15:00:00.0,-11.7
02/05/21 19:00:00.0,-11.7
02/05/21 23:00:00.0,-11.7
02/06/21 03:00:00.0,-11.7
02/06/21 07:00:00.0,-11.7
02/06/21 11:00:00.0,-12.29
02/06/21 15:00:00.0,-11.7
02/06/21 19:00:00.0,-11.7
02/06/21 23:00:00.0,-11.7
02/07/21 03:00:00.0,-11.7
02/07/21 07:00:00.0,-11.7
02/07/21 11:00:00.0,-11.7
02/07/21 15:00:00.0,-11.13
02/07/21 19:00:00.0,-10.56
02/07/21 23:00:00.0,-10.56
02/08/21 03:00:00.0,-10.56
02/08/21 07:00:00.0,-11.13
02/08/21 11:00:00.0,-11.13
02/08/21 15:00:00.0,-10.56
02/08/21 19:00:00.0,-10.01
02/08/21 23:00:00.0,-10.56
02/09/21 03:00:00.0,-10.56
02/09/21 07:00:00.0,-10.56
02/09/21 11:00:00.0,-10.56
02/09/21 15:00:00.0,-9.46
02/09/21 19:00:00.0,-8.91
02/09/21 23:00:00.0,-8.91
02/10/21 03:00:00.0,-8.91
02/10/21 07:00:00.0,-8.91
02/10/21 11:00:00.0,-8.91
02/10/21 15:00:00.0,-8.91
02/10/21 19:00:00.0,-8.38
02/10/21 23:00:00.0,-8.38
02/11/21 03:00:00.0,-8.91
02/11/21 07:00:00.0,-8.91
02/11/21 11:00:00.0,-8.91
02/11/21 15:00:00.0,-8.38
02/11/21 19:00:00.0,-8.38
02/11/21 23:00:00.0,-8.38
02/12/21 03:00:00.0,-8.38
02/12/21 07:00:00.0,-8.38
02/12/21 11:00:00.0,-8.38
02/12/21 15:00:00.0,-7.85
02/12/21 19:00:00.0,-7.85
02/12/21 23:00:00.0,-7.85
02/13/21 03:00:00.0,-7.85
02/13/21 07:00:00.0,-7.85
02/13/21 11:00:00.0,-7.85
02/13/21 15:00:00.0,-7.85
02/13/21 19:00:00.0,-7.85
02/13/21 23:00:00.0,-7.85
02/14/21 03:00:00.0,-7.85
02/14/21 07:00:00.0,-8.38
02/14/21 11:00:00.0,-9.46
02/14/21 15:00:00.0,-9.46
02/14/21 19:00:00.0,-10.01
02/14/21 23:00:00.0,-10.01
02/15/21 03:00:00.0,-10.01
02/15/21 07:00:00.0,-10.01
02/15/21 11:00:00.0,-10.56
02/15/21 15:00:00.0,-10.56
02/15/21 19:00:00.0,-10.56
02/15/21 23:00:00.0,-11.13
02/16/21 03:00:00.0,-11.13
02/16/21 07:00:00.0,-11.13
02/16/21 11:00:00.0,-11.7
02/16/21 15:00:00.0,-11.13
02/16/21 19:00:00.0,-10.56
02/16/21 23:00:00.0,-11.13
02/17/21 03:00:00.0,-11.13
02/17/21 07:00:00.0,-11.13
02/17/21 11:00:00.0,-11.13
02/17/21 15:00:00.0,-11.13
02/17/21 19:00:00.0,-11.13
02/17/21 23:00:00.0,-10.56
02/18/21 03:00:00.0,-11.13
02/18/21 07:00:00.0,-11.13
02/18/21 11:00:00.0,-11.7
02/18/21 15:00:00.0,-11.7
02/18/21 19:00:00.0,-11.7
02/18/21 23:00:00.0,-11.7
02/19/21 03:00:00.0,-12.88
02/19/21 07:00:00.0,-12.88
02/19/21 11:00:00.0,-12.88
02/19/21 15:00:00.0,-12.29
02/19/21 19:00:00.0,-12.29
02/19/21 23:00:00.0,-11.7
02/20/21 03:00:00.0,-11.7
02/20/21 07:00:00.0,-11.7
02/20/21 11:00:00.0,-11.13
02/20/21 15:00:00.0,-11.13
02/20/21 19:00:00.0,-10.56
02/20/21 23:00:00.0,-10.56
02/21/21 03:00:00.0,-10.56
02/21/21 07:00:00.0,-11.13
02/21/21 11:00:00.0,-11.13
02/21/21 15:00:00.0,-11.13
02/21/21 19:00:00.0,-11.13
02/21/21 23:00:00.0,-11.7
02/22/21 03:00:00.0,-12.29
02/22/21 07:00:00.0,-12.29
02/22/21 11:00:00.0,-11.7
02/22/21 15:00:00.0,-11.13
02/22/21 19:00:00.0,-9.46
02/22/21 23:00:00.0,-10.01
02/23/21 03:00:00.0,-10.01
02/23/21 07:00:00.0,-10.01
02/23/21 11:00:00.0,-10.01
02/23/21 15:00:00.0,-8.91
02/23/21 19:00:00.0,-8.38
02/23/21 23:00:00.0,-8.91
02/24/21 03:00:00.0,-10.01
02/24/21 07:00:00.0,-11.13
02/24/21 11:00:00.0,-12.29
02/24/21 15:00:00.0,-11.7
02/24/21 19:00:00.0,-10.56
02/24/21 23:00:00.0,-10.56
02/25/21 03:00:00.0,-10.56
02/25/21 07:00:00.0,-11.13
02/25/21 11:00:00.0,-11.7
02/25/21 15:00:00.0,-11.7
02/25/21 19:00:00.0,-10.56
02/25/21 23:00:00.0,-11.13
02/26/21 03:00:00.0,-11.7
02/26/21 07:00:00.0,-12.29
02/26/21 11:00:00.0,-12.29
02/26/21 15:00:00.0,-11.7
02/26/21 19:00:00.0,-10.56
02/26/21 23:00:00.0,-11.13
02/27/21 03:00:00.0,-11.13
02/27/21 07:00:00.0,-11.13
02/27/21 11:00:00.0,-11.7
02/27/21 15:00:00.0,-11.13
02/27/21 19:00:00.0,-11.13
02/27/21 23:00:00.0,-11.7
02/28/21 03:00:00.0,-12.29
02/28/21 07:00:00.0,-13.49
02/28/21 11:00:00.0,-14.1
02/28/21 15:00:00.0,-14.1
02/28/21 19:00:00.0,-13.49
02/28/21 23:00:00.0,-14.1
03/01/21 03:00:00.0,-14.1
03/01/21 07:00:00.0,-14.73
03/01/21 11:00:00.0,-14.73
03/01/21 15:00:00.0,-13.49
03/01/21 19:00:00.0,-11.7
03/01/21 23:00:00.0,-11.13
03/02/21 03:00:00.0,-11.13
03/02/21 07:00:00.0,-11.13
03/02/21 11:00:00.0,-11.7
03/02/21 15:00:00.0,-10.56
03/02/21 19:00:00.0,-9.46
03/02/21 23:00:00.0,-9.46
03/03/21 03:00:00.0,-10.01
03/03/21 07:00:00.0,-10.01
03/03/21 11:00:00.0,-10.01
03/03/21 15:00:00.0,-9.46
03/03/21 19:00:00.0,-7.85
03/03/21 23:00:00.0,-7.85
03/04/21 03:00:00.0,-8.38
03/04/21 07:00:00.0,-8.91
03/04/21 11:00:00.0,-8.91
03/04/21 15:00:00.0,-8.91
03/04/21 19:00:00.0,-8.38
03/04/21 23:00:00.0,-8.38
03/05/21 03:00:00.0,-8.38
03/05/21 07:00:00.0,-8.38
03/05/21 11:00:00.0,-8.91
03/05/21 15:00:00.0,-8.91
03/05/21 19:00:00.0,-8.38
03/05/21 23:00:00.0,-8.38
03/06/21 03:00:00.0,-8.38
03/06/21 07:00:00.0,-8.91
03/06/21 11:00:00.0,-8.91
03/06/21 15:00:00.0,-8.38
03/06/21 19:00:00.0,-7.85
03/06/21 23:00:00.0,-7.85
03/07/21 03:00:00.0,-7.85
03/07/21 07:00:00.0,-7.85
03/07/21 11:00:00.0,-7.85
03/07/21 15:00:00.0,-7.33
03/07/21 19:00:00.0,-5.31
03/07/21 23:00:00.0,-5.81
03/08/21 03:00:00.0,-6.31
03/08/21 07:00:00.0,-6.31
03/08/21 11:00:00.0,-6.31
03/08/21 15:00:00.0,-5.31
03/08/21 19:00:00.0,-4.33
03/08/21 23:00:00.0,-4.82
03/09/21 03:00:00.0,-5.31
03/09/21 07:00:00.0,-5.81
03/09/21 11:00:00.0,-5.81
03/09/21 15:00:00.0,-4.33
03/09/21 19:00:00.0,-3.85
03/09/21 23:00:00.0,-4.33
03/10/21 03:00:00.0,-4.33
03/10/21 07:00:00.0,-4.82
03/10/21 11:00:00.0,-4.82
03/10/21 15:00:00.0,-5.31
03/10/21 19:00:00.0,-5.31
03/10/21 23:00:00.0,-5.31
03/11/21 03:00:00.0,-5.81
03/11/21 07:00:00.0,-6.31
03/11/21 11:00:00.0,-6.82
03/11/21 15:00:00.0,-6.82
03/11/21 19:00:00.0,-6.82
03/11/21 23:00:00.0,-6.82
03/12/21 03:00:00.0,-6.82
03/12/21 07:00:00.0,-6.82
03/12/21 11:00:00.0,-7.33
03/12/21 15:00:00.0,-6.82
03/12/21 19:00:00.0,-6.82
03/12/21 23:00:00.0,-6.82
03/13/21 03:00:00.0,-6.82
03/13/21 07:00:00.0,-7.33
03/13/21 11:00:00.0,-7.33
03/13/21 15:00:00.0,-7.33
03/13/21 19:00:00.0,-6.82
03/13/21 23:00:00.0,-7.33
03/14/21 04:00:00.0,-7.33
03/14/21 08:00:00.0,-7.33
03/14/21 12:00:00.0,-7.33
03/14/21 16:00:00.0,-7.33
03/14/21 20:00:00.0,-7.33
03/15/21 00:00:00.0,-7.33
03/15/21 04:00:00.0,-7.33
03/15/21 08:00:00.0,-7.33
03/15/21 12:00:00.0,-7.33
03/15/21 16:00:00.0,-7.33
03/15/21 20:00:00.0,-7.33
03/16/21 00:00:00.0,-7.33
03/16/21 04:00:00.0,-7.33
03/16/21 08:00:00.0,-7.33
03/16/21 12:00:00.0,-7.33
03/16/21 16:00:00.0,-7.33
03/16/21 20:00:00.0,-7.33
03/17/21 00:00:00.0,-7.33
03/17/21 04:00:00.0,-7.33
03/17/21 08:00:00.0,-7.33
03/17/21 12:00:00.0,-7.33
03/17/21 16:00:00.0,-7.33
03/17/21 20:00:00.0,-7.33
03/18/21 00:00:00.0,-7.33
03/18/21 04:00:00.0,-7.33
03/18/21 08:00:00.0,-7.33
03/18/21 12:00:00.0,-7.33
03/18/21 16:00:00.0,-7.33
03/18/21 20:00:00.0,-7.33
03/19/21 00:00:00.0,-7.33
03/19/21 04:00:00.0,-7.33
03/19/21 08:00:00.0,-7.33
03/19/21 12:00:00.0,-7.33
03/19/21 16:00:00.0,-6.82
03/19/21 20:00:00.0,-6.82
03/20/21 00:00:00.0,-6.82
03/20/21 04:00:00.0,-6.82
03/20/21 08:00:00.0,-6.82
03/20/21 12:00:00.0,-6.82
03/20/21 16:00:00.0,-6.82
03/20/21 20:00:00.0,-6.82
03/21/21 00:00:00.0,-6.82
03/21/21 04:00:00.0,-6.82
03/21/21 08:00:00.0,-6.82
03/21/21 12:00:00.0,-6.82
03/21/21 16:00:00.0,-6.82
03/21/21 20:00:00.0,-6.82
03/22/21 00:00:00.0,-6.82
03/22/21 04:00:00.0,-6.31
03/22/21 08:00:00.0,-6.31
03/22/21 12:00:00.0,-6.31
03/22/21 16:00:00.0,-6.82
03/22/21 20:00:00.0,-6.82
03/23/21 00:00:00.0,-6.82
03/23/21 04:00:00.0,-6.31
03/23/21 08:00:00.0,-6.31
03/23/21 12:00:00.0,-6.82
03/23/21 16:00:00.0,-6.82
03/23/21 20:00:00.0,-6.82
03/24/21 00:00:00.0,-6.82
03/24/21 04:00:00.0,-6.82
03/24/21 08:00:00.0,-6.82
03/24/21 12:00:00.0,-6.82
03/24/21 16:00:00.0,-6.82
03/24/21 20:00:00.0,-6.82
03/25/21 00:00:00.0,-6.82
03/25/21 04:00:00.0,-6.82
03/25/21 08:00:00.0,-6.82
03/25/21 12:00:00.0,-6.82
03/25/21 16:00:00.0,-6.82
03/25/21 20:00:00.0,-6.82
03/26/21 00:00:00.0,-6.82
03/26/21 04:00:00.0,-6.82
03/26/21 08:00:00.0,-6.82
03/26/21 12:00:00.0,-6.82
03/26/21 16:00:00.0,-6.82
03/26/21 20:00:00.0,-6.82
03/27/21 00:00:00.0,-6.82
03/27/21 04:00:00.0,-6.31
03/27/21 08:00:00.0,-6.82
03/27/21 12:00:00.0,-6.82
03/27/21 16:00:00.0,-6.31
03/27/21 20:00:00.0,-6.31
03/28/21 00:00:00.0,-6.31
03/28/21 04:00:00.0,-6.31
03/28/21 08:00:00.0,-6.31
03/28/21 12:00:00.0,-6.31
03/28/21 16:00:00.0,-6.31
03/28/21 20:00:00.0,-6.31
03/29/21 00:00:00.0,-6.31
03/29/21 04:00:00.0,-6.31
03/29/21 08:00:00.0,-6.31
03/29/21 12:00:00.0,-6.31
03/29/21 16:00:00.0,-6.31
03/29/21 20:00:00.0,-6.31
03/30/21 00:00:00.0,-6.31
03/30/21 04:00:00.0,-6.31
03/30/21 08:00:00.0,-6.31
03/30/21 12:00:00.0,-6.31
03/30/21 16:00:00.0,-6.31
03/30/21 20:00:00.0,-6.31
03/31/21 00:00:00.0,-6.31
03/31/21 04:00:00.0,-6.31
03/31/21 08:00:00.0,-6.31
03/31/21 12:00:00.0,-6.31
03/31/21 16:00:00.0,-6.31
03/31/21 20:00:00.0,-6.31
04/01/21 00:00:00.0,-6.31
04/01/21 04:00:00.0,-6.31
04/01/21 08:00:00.0,-6.31
04/01/21 12:00:00.0,-6.31
04/01/21 16:00:00.0,-6.31
04/01/21 20:00:00.0,-6.31
04/02/21 00:00:00.0,-6.31
04/02/21 04:00:00.0,-6.31
04/02/21 08:00:00.0,-6.31
04/02/21 12:00:00.0,-6.31
04/02/21 16:00:00.0,-6.31
04/02/21 20:00:00.0,-6.31
04/03/21 00:00:00.0,-5.81
04/03/21 04:00:00.0,-5.81
04/03/21 08:00:00.0,-5.81
04/03/21 12:00:00.0,-5.81
04/03/21 16:00:00.0,-5.81
04/03/21 20:00:00.0,-5.81
04/04/21 00:00:00.0,-5.31
04/04/21 04:00:00.0,-5.31
04/04/21 08:00:00.0,-5.31
04/04/21 12:00:00.0,-5.31
04/04/21 16:00:00.0,-5.31
04/04/21 20:00:00.0,-4.82
04/05/21 00:00:00.0,-4.33
04/05/21 04:00:00.0,-4.33
04/05/21 08:00:00.0,-4.33
04/05/21 12:00:00.0,-4.33
04/05/21 16:00:00.0,-4.33
04/05/21 20:00:00.0,-3.37
04/06/21 00:00:00.0,-3.37
04/06/21 04:00:00.0,-3.37
04/06/21 08:00:00.0,-3.37
04/06/21 12:00:00.0,-3.85
04/06/21 16:00:00.0,-3.85
04/06/21 20:00:00.0,-3.37
04/07/21 00:00:00.0,-3.85
04/07/21 04:00:00.0,-3.85
04/07/21 08:00:00.0,-4.33
04/07/21 12:00:00.0,-4.33
04/07/21 16:00:00.0,-4.33
04/07/21 20:00:00.0,-3.85
04/08/21 00:00:00.0,-3.85
04/08/21 04:00:00.0,-4.33
04/08/21 08:00:00.0,-4.33
04/08/21 12:00:00.0,-4.33
04/08/21 16:00:00.0,-4.33
04/08/21 20:00:00.0,-3.85
04/09/21 00:00:00.0,-3.85
04/09/21 04:00:00.0,-3.85
04/09/21 08:00:00.0,-4.33
04/09/21 12:00:00.0,-4.33
04/09/21 16:00:00.0,-4.33
04/09/21 20:00:00.0,-3.85
04/10/21 00:00:00.0,-3.85
04/10/21 04:00:00.0,-4.33
04/10/21 08:00:00.0,-4.33
04/10/21 12:00:00.0,-4.82
04/10/21 16:00:00.0,-4.82
04/10/21 20:00:00.0,-4.33
04/11/21 00:00:00.0,-4.33
04/11/21 04:00:00.0,-4.33
04/11/21 08:00:00.0,-4.33
04/11/21 12:00:00.0,-4.82
04/11/21 16:00:00.0,-4.33
04/11/21 20:00:00.0,-3.85
04/12/21 00:00:00.0,-4.33
04/12/21 04:00:00.0,-4.82
04/12/21 08:00:00.0,-5.81
04/12/21 12:00:00.0,-5.81
04/12/21 16:00:00.0,-5.81
04/12/21 20:00:00.0,-5.81
04/13/21 00:00:00.0,-6.31
04/13/21 04:00:00.0,-6.82
04/13/21 08:00:00.0,-7.33
04/13/21 12:00:00.0,-6.82
04/13/21 16:00:00.0,-6.82
04/13/21 20:00:00.0,-6.31
04/14/21 00:00:00.0,-5.81
04/14/21 04:00:00.0,-5.81
04/14/21 08:00:00.0,-5.81
04/14/21 12:00:00.0,-5.81
04/14/21 16:00:00.0,-5.81
04/14/21 20:00:00.0,-5.81
04/15/21 00:00:00.0,-5.81
04/15/21 04:00:00.0,-5.81
04/15/21 08:00:00.0,-5.81
04/15/21 12:00:00.0,-5.81
04/15/21 16:00:00.0,-5.81
04/15/21 20:00:00.0,-5.81
04/16/21 00:00:00.0,-5.81
04/16/21 04:00:00.0,-5.81
04/16/21 08:00:00.0,-5.81
04/16/21 12:00:00.0,-5.81
04/16/21 16:00:00.0,-5.81
04/16/21 20:00:00.0,-5.81
04/17/21 00:00:00.0,-5.81
04/17/21 04:00:00.0,-5.81
04/17/21 08:00:00.0,-5.81
04/17/21 12:00:00.0,-5.81
04/17/21 16:00:00.0,-5.81
04/17/21 20:00:00.0,-5.81
04/18/21 00:00:00.0,-5.81
04/18/21 04:00:00.0,-5.81
04/18/21 08:00:00.0,-5.81
04/18/21 12:00:00.0,-5.81
04/18/21 16:00:00.0,-5.81
04/18/21 20:00:00.0,-5.81
04/19/21 00:00:00.0,-5.81
04/19/21 04:00:00.0,-5.81
04/19/21 08:00:00.0,-5.81
04/19/21 12:00:00.0,-5.81
04/19/21 16:00:00.0,-5.81
04/19/21 20:00:00.0,-5.81
04/20/21 00:00:00.0,-5.81
04/20/21 04:00:00.0,-5.81
04/20/21 08:00:00.0,-5.81
04/20/21 12:00:00.0,-5.81
04/20/21 16:00:00.0,-5.81
04/20/21 20:00:00.0,-5.81
04/21/21 00:00:00.0,-5.81
04/21/21 04:00:00.0,-5.81
04/21/21 08:00:00.0,-5.81
04/21/21 12:00:00.0,-6.31
04/21/21 16:00:00.0,-6.31
04/21/21 20:00:00.0,-6.31
04/22/21 00:00:00.0,-6.31
04/22/21 04:00:00.0,-6.31
04/22/21 08:00:00.0,-6.31
04/22/21 12:00:00.0,-5.81
04/22/21 16:00:00.0,-5.81
04/22/21 20:00:00.0,-5.81
04/23/21 00:00:00.0,-5.81
04/23/21 04:00:00.0,-5.81
04/23/21 08:00:00.0,-5.81
04/23/21 12:00:00.0,-5.81
04/23/21 16:00:00.0,-5.81
04/23/21 20:00:00.0,-5.81
04/24/21 00:00:00.0,-5.81
04/24/21 04:00:00.0,-5.81
04/24/21 08:00:00.0,-5.81
04/24/21 12:00:00.0,-5.81
04/24/21 16:00:00.0,-5.81
04/24/21 20:00:00.0,-5.81
04/25/21 00:00:00.0,-5.81
04/25/21 04:00:00.0,-5.81
04/25/21 08:00:00.0,-5.31
04/25/21 12:00:00.0,-5.31
04/25/21 16:00:00.0,-5.31
04/25/21 20:00:00.0,-5.31
04/26/21 00:00:00.0,-5.31
04/26/21 04:00:00.0,-5.31
04/26/21 08:00:00.0,-5.31
04/26/21 12:00:00.0,-5.31
04/26/21 16:00:00.0,-5.31
04/26/21 20:00:00.0,-5.31
04/27/21 00:00:00.0,-5.31
04/27/21 04:00:00.0,-4.82
04/27/21 08:00:00.0,-4.82
04/27/21 12:00:00.0,-4.82
04/27/21 16:00:00.0,-4.82
04/27/21 20:00:00.0,-4.82
04/28/21 00:00:00.0,-4.82
04/28/21 04:00:00.0,-4.82
04/28/21 08:00:00.0,-4.82
04/28/21 12:00:00.0,-4.82
04/28/21 16:00:00.0,-4.82
04/28/21 20:00:00.0,-4.82
04/29/21 00:00:00.0,-4.82
04/29/21 04:00:00.0,-4.82
04/29/21 08:00:00.0,-4.82
04/29/21 12:00:00.0,-4.33
04/29/21 16:00:00.0,-4.33
04/29/21 20:00:00.0,-4.33
04/30/21 00:00:00.0,-4.33
04/30/21 04:00:00.0,-4.33
04/30/21 08:00:00.0,-4.33
04/30/21 12:00:00.0,-4.33
04/30/21 16:00:00.0,-4.33
04/30/21 20:00:00.0,-3.85
05/01/21 00:00:00.0,-3.37
05/01/21 04:00:00.0,-3.37
05/01/21 08:00:00.0,-3.37
05/01/21 12:00:00.0,-3.37
05/01/21 16:00:00.0,-3.37
05/01/21 20:00:00.0,-2.44
05/02/21 00:00:00.0,-2.44
05/02/21 04:00:00.0,-2.9
05/02/21 08:00:00.0,-2.9
05/02/21 12:00:00.0,-2.9
05/02/21 16:00:00.0,-2.9
05/02/21 20:00:00.0,-1.97
05/03/21 00:00:00.0,-1.97
05/03/21 04:00:00.0,-1.97
05/03/21 08:00:00.0,-1.97
05/03/21 12:00:00.0,-1.97
05/03/21 16:00:00.0,-1.97
05/03/21 20:00:00.0,-1.97
05/04/21 00:00:00.0,-1.97
05/04/21 04:00:00.0,-1.97
05/04/21 08:00:00.0,-1.97
05/04/21 12:00:00.0,-1.97
05/04/21 16:00:00.0,-1.97
05/04/21 20:00:00.0,-1.97
05/05/21 00:00:00.0,-1.97
05/05/21 04:00:00.0,-1.97
05/05/21 08:00:00.0,-1.97
05/05/21 12:00:00.0,-1.97
05/05/21 16:00:00.0,-1.97
05/05/21 20:00:00.0,-1.97
05/06/21 00:00:00.0,-1.97
05/06/21 04:00:00.0,-1.97
05/06/21 08:00:00.0,-1.97
05/06/21 12:00:00.0,-1.97
05/06/21 16:00:00.0,-1.97
05/06/21 20:00:00.0,-1.51
05/07/21 00:00:00.0,-1.51
05/07/21 04:00:00.0,-1.51
05/07/21 08:00:00.0,-1.51
05/07/21 12:00:00.0,-1.51
05/07/21 16:00:00.0,-1.51
05/07/21 20:00:00.0,-1.51
05/08/21 00:00:00.0,-1.51
05/08/21 04:00:00.0,-1.51
05/08/21 08:00:00.0,-1.51
05/08/21 12:00:00.0,-1.51
05/08/21 16:00:00.0,-1.51
05/08/21 20:00:00.0,-1.51
05/09/21 00:00:00.0,-1.51
05/09/21 04:00:00.0,-1.51
05/09/21 08:00:00.0,-1.51
05/09/21 12:00:00.0,-1.51
05/09/21 16:00:00.0,-1.51
05/09/21 20:00:00.0,-1.51
05/10/21 00:00:00.0,-1.51
05/10/21 04:00:00.0,-1.51
05/10/21 08:00:00.0,-1.51
05/10/21 12:00:00.0,-1.51
05/10/21 16:00:00.0,-1.51
05/10/21 20:00:00.0,-1.51
05/11/21 00:00:00.0,-1.51
05/11/21 04:00:00.0,-1.51
05/11/21 08:00:00.0,-1.51
05/11/21 12:00:00.0,-1.51
05/11/21 16:00:00.0,-1.51
05/11/21 20:00:00.0,-1.51
05/12/21 00:00:00.0,-1.51
05/12/21 04:00:00.0,-1.51
05/12/21 08:00:00.0,-1.51
05/12/21 12:00:00.0,-1.51
05/12/21 16:00:00.0,-1.51
05/12/21 20:00:00.0,-1.51
05/13/21 00:00:00.0,-1.51
05/13/21 04:00:00.0,-1.51
05/13/21 08:00:00.0,-1.51
05/13/21 12:00:00.0,-1.51
05/13/21 16:00:00.0,-1.51
05/13/21 20:00:00.0,-1.51
05/14/21 00:00:00.0,-1.51
05/14/21 04:00:00.0,-1.51
05/14/21 08:00:00.0,-1.51
05/14/21 12:00:00.0,-1.51
05/14/21 16:00:00.0,-1.51
05/14/21 20:00:00.0,-1.51
05/15/21 00:00:00.0,-1.51
05/15/21 04:00:00.0,-1.51
05/15/21 08:00:00.0,-1.51
05/15/21 12:00:00.0,-1.51
05/15/21 16:00:00.0,-1.51
05/15/21 20:00:00.0,-1.51
05/16/21 00:00:00.0,-1.51
05/16/21 04:00:00.0,-1.51
05/16/21 08:00:00.0,-1.51
05/16/21 12:00:00.0,-1.51
05/16/21 16:00:00.0,-1.51
05/16/21 20:00:00.0,-1.51
05/17/21 00:00:00.0,-1.51
05/17/21 04:00:00.0,-1.51
05/17/21 08:00:00.0,-1.51
05/17/21 12:00:00.0,-1.51
05/17/21 16:00:00.0,-1.51
05/17/21 20:00:00.0,-1.51
05/18/21 00:00:00.0,-1.51
05/18/21 04:00:00.0,-1.51
05/18/21 08:00:00.0,-1.51
05/18/21 12:00:00.0,-1.51
05/18/21 16:00:00.0,-1.51
05/18/21 20:00:00.0,-1.51
05/19/21 00:00:00.0,-1.51
05/19/21 04:00:00.0,-1.51
05/19/21 08:00:00.0,-1.51
05/19/21 12:00:00.0,-1.51
05/19/21 16:00:00.0,-1.51
05/19/21 20:00:00.0,-1.51
05/20/21 00:00:00.0,-1.51
05/20/21 04:00:00.0,-1.51
05/20/21 08:00:00.0,-1.51
05/20/21 12:00:00.0,-1.51
05/20/21 16:00:00.0,-1.51
05/20/21 20:00:00.0,-1.51
05/21/21 00:00:00.0,-1.51
05/21/21 04:00:00.0,-1.51
05/21/21 08:00:00.0,-1.51
05/21/21 12:00:00.0,-1.51
05/21/21 16:00:00.0,-1.51
05/21/21 20:00:00.0,-1.51
05/22/21 00:00:00.0,-1.51
05/22/21 04:00:00.0,-1.51
05/22/21 08:00:00.0,-1.51
05/22/21 12:00:00.0,-1.51
05/22/21 16:00:00.0,-1.51
05/22/21 20:00:00.0,-1.51
05/23/21 00:00:00.0,-1.06
05/23/21 04:00:00.0,-1.51
05/23/21 08:00:00.0,-1.51
05/23/21 12:00:00.0,-1.51
05/23/21 16:00:00.0,-1.51
05/23/21 20:00:00.0,-1.06
05/24/21 00:00:00.0,-1.97
05/24/21 04:00:00.0,-3.37
05/24/21 08:00:00.0,-3.37
05/24/21 12:00:00.0,-1.97
05/24/21 16:00:00.0,-0.61
05/24/21 20:00:00.0,-0.16
05/25/21 00:00:00.0,-1.06
05/25/21 04:00:00.0,-2.44
05/25/21 08:00:00.0,-2.44
05/25/21 12:00:00.0,-1.06
05/25/21 16:00:00.0,1.17
05/25/21 20:00:00.0,1.6
05/26/21 00:00:00.0,-0.16
05/26/21 04:00:00.0,-1.06
05/26/21 08:00:00.0,-0.61
05/26/21 12:00:00.0,1.6
05/26/21 16:00:00.0,3.31
05/26/21 20:00:00.0,2.89
05/27/21 00:00:00.0,0.73
05/27/21 04:00:00.0,-0.61
05/27/21 08:00:00.0,-1.51
05/27/21 12:00:00.0,1.17
05/27/21 16:00:00.0,4.99
05/27/21 20:00:00.0,5.81
05/28/21 00:00:00.0,2.46
05/28/21 04:00:00.0,0.73
05/28/21 08:00:00.0,0.29
05/28/21 12:00:00.0,4.57
05/28/21 16:00:00.0,7.83
05/28/21 20:00:00.0,6.62
05/29/21 00:00:00.0,2.03
05/29/21 04:00:00.0,-0.16
05/29/21 08:00:00.0,0.29
05/29/21 12:00:00.0,4.99
05/29/21 16:00:00.0,4.99
05/29/21 20:00:00.0,4.15
05/30/21 00:00:00.0,1.6
05/30/21 04:00:00.0,0.73
05/30/21 08:00:00.0,0.73
05/30/21 12:00:00.0,1.6
05/30/21 16:00:00.0,0.29
05/30/21 20:00:00.0,-0.61
05/31/21 00:00:00.0,-1.06
05/31/21 04:00:00.0,-1.51
05/31/21 08:00:00.0,-1.51
05/31/21 12:00:00.0,0.29
05/31/21 16:00:00.0,1.17
05/31/21 20:00:00.0,0.73
06/01/21 00:00:00.0,-1.51
06/01/21 04:00:00.0,-1.51
06/01/21 08:00:00.0,-1.06
06/01/21 12:00:00.0,1.6
06/01/21 16:00:00.0,2.46
06/01/21 20:00:00.0,2.89
06/02/21 00:00:00.0,0.29
06/02/21 04:00:00.0,0.29
06/02/21 08:00:00.0,0.29
06/02/21 12:00:00.0,4.57
06/02/21 16:00:00.0,8.63
06/02/21 20:00:00.0,9.03
06/03/21 00:00:00.0,3.74
06/03/21 04:00:00.0,2.89
06/03/21 08:00:00.0,2.89
06/03/21 12:00:00.0,7.03
06/03/21 16:00:00.0,12.55
06/03/21 20:00:00.0,13.7
06/04/21 00:00:00.0,6.62
06/04/21 04:00:00.0,3.74
06/04/21 08:00:00.0,4.15
06/04/21 12:00:00.0,9.82
06/04/21 16:00:00.0,15.62
06/04/21 20:00:00.0,16.38
06/05/21 00:00:00.0,9.03
06/05/21 04:00:00.0,9.42
06/05/21 08:00:00.0,9.03
06/05/21 12:00:00.0,12.93
06/05/21 16:00:00.0,14.47
06/05/21 20:00:00.0,12.55
06/06/21 00:00:00.0,10.21
06/06/21 04:00:00.0,7.83
06/06/21 08:00:00.0,7.43
06/06/21 12:00:00.0,11.38
06/06/21 16:00:00.0,11.38
06/06/21 20:00:00.0,10.99
06/07/21 00:00:00.0,7.43
06/07/21 04:00:00.0,7.43
06/07/21 08:00:00.0,8.23
06/07/21 12:00:00.0,12.16
06/07/21 16:00:00.0,17.14
06/07/21 20:00:00.0,17.14
06/08/21 00:00:00.0,9.82
06/08/21 04:00:00.0,6.62
06/08/21 08:00:00.0,6.22
06/08/21 12:00:00.0,12.93
06/08/21 16:00:00.0,16.38
06/08/21 20:00:00.0,16.76
06/09/21 00:00:00.0,11.77
06/09/21 04:00:00.0,9.82
06/09/21 08:00:00.0,8.63
06/09/21 12:00:00.0,12.93
06/09/21 16:00:00.0,17.9
06/09/21 20:00:00.0,16.76
06/10/21 00:00:00.0,10.99
06/10/21 04:00:00.0,12.16
06/10/21 08:00:00.0,11.38
06/10/21 12:00:00.0,14.85
06/10/21 16:00:00.0,19.04
06/10/21 20:00:00.0,20.19
06/11/21 00:00:00.0,14.85
06/11/21 04:00:00.0,9.42
06/11/21 08:00:00.0,8.63
06/11/21 12:00:00.0,12.16
06/11/21 16:00:00.0,16
06/11/21 20:00:00.0,16.76
06/12/21 00:00:00.0,9.82
06/12/21 04:00:00.0,9.82
06/12/21 08:00:00.0,7.83
06/12/21 12:00:00.0,13.7
06/12/21 16:00:00.0,19.42
06/12/21 20:00:00.0,19.81
06/13/21 00:00:00.0,10.99
06/13/21 04:00:00.0,7.83
06/13/21 08:00:00.0,7.83
06/13/21 12:00:00.0,14.47
06/13/21 16:00:00.0,18.28
06/13/21 20:00:00.0,19.81
06/14/21 00:00:00.0,12.93
06/14/21 04:00:00.0,7.83
06/14/21 08:00:00.0,7.83
06/14/21 12:00:00.0,14.85
06/14/21 16:00:00.0,20.95
06/14/21 20:00:00.0,22.09
06/15/21 00:00:00.0,13.32
06/15/21 04:00:00.0,9.42
06/15/21 08:00:00.0,9.03
06/15/21 12:00:00.0,16.38
06/15/21 16:00:00.0,22.09
06/15/21 20:00:00.0,21.33
06/16/21 00:00:00.0,17.14
06/16/21 04:00:00.0,16.38
06/16/21 08:00:00.0,14.85
06/16/21 12:00:00.0,18.66
06/16/21 16:00:00.0,21.71
06/16/21 20:00:00.0,17.14
06/17/21 00:00:00.0,13.7
06/17/21 04:00:00.0,12.93
06/17/21 08:00:00.0,10.99
06/17/21 12:00:00.0,16.76
06/17/21 16:00:00.0,21.71
06/17/21 20:00:00.0,21.33
06/18/21 00:00:00.0,13.32
06/18/21 04:00:00.0,14.47
06/18/21 08:00:00.0,12.93
06/18/21 12:00:00.0,15.62
06/18/21 16:00:00.0,19.04
06/18/21 20:00:00.0,18.66
06/19/21 00:00:00.0,13.32
06/19/21 04:00:00.0,11.77
06/19/21 08:00:00.0,11.38
06/19/21 12:00:00.0,14.09
06/19/21 16:00:00.0,16.76
06/19/21 20:00:00.0,11.38
06/20/21 00:00:00.0,10.6
06/20/21 04:00:00.0,9.82
06/20/21 08:00:00.0,9.03
06/20/21 12:00:00.0,13.32
06/20/21 16:00:00.0,17.14
06/20/21 20:00:00.0,14.47
06/21/21 00:00:00.0,11.38
06/21/21 04:00:00.0,7.83
06/21/21 08:00:00.0,6.62
06/21/21 12:00:00.0,10.99
06/21/21 16:00:00.0,14.85
06/21/21 20:00:00.0,17.52
06/22/21 00:00:00.0,13.7
06/22/21 04:00:00.0,11.77
06/22/21 08:00:00.0,11.38
06/22/21 12:00:00.0,15.23
06/22/21 16:00:00.0,20.57
06/22/21 20:00:00.0,20.95
06/23/21 00:00:00.0,14.47
06/23/21 04:00:00.0,14.09
06/23/21 08:00:00.0,12.93
06/23/21 12:00:00.0,15.23
06/23/21 16:00:00.0,18.66
06/23/21 20:00:00.0,17.14
06/24/21 00:00:00.0,14.09
06/24/21 04:00:00.0,9.82
06/24/21 08:00:00.0,9.03
06/24/21 12:00:00.0,11.38
06/24/21 16:00:00.0,13.32
06/24/21 20:00:00.0,9.03
06/25/21 00:00:00.0,5.4
06/25/21 04:00:00.0,4.57
06/25/21 08:00:00.0,4.15
06/25/21 12:00:00.0,7.03
06/25/21 16:00:00.0,10.21
06/25/21 20:00:00.0,10.21
06/26/21 00:00:00.0,7.43
06/26/21 04:00:00.0,5.4
06/26/21 08:00:00.0,4.15
06/26/21 12:00:00.0,5.4
06/26/21 16:00:00.0,5.4
06/26/21 20:00:00.0,4.99
06/27/21 00:00:00.0,3.74
06/27/21 04:00:00.0,2.89
06/27/21 08:00:00.0,2.46
06/27/21 12:00:00.0,3.74
06/27/21 16:00:00.0,5.4
06/27/21 20:00:00.0,4.15
06/28/21 00:00:00.0,2.46
06/28/21 04:00:00.0,2.03
06/28/21 08:00:00.0,1.6
06/28/21 12:00:00.0,2.89
06/28/21 16:00:00.0,6.22
06/28/21 20:00:00.0,6.22
06/29/21 00:00:00.0,2.89
06/29/21 04:00:00.0,2.03
06/29/21 08:00:00.0,2.03
06/29/21 12:00:00.0,6.22
06/29/21 16:00:00.0,6.62
06/29/21 20:00:00.0,8.63
06/30/21 00:00:00.0,6.22
06/30/21 04:00:00.0,2.89
06/30/21 08:00:00.0,3.74
06/30/21 12:00:00.0,8.63
06/30/21 16:00:00.0,9.82
06/30/21 20:00:00.0,10.6
07/01/21 00:00:00.0,8.63
07/01/21 04:00:00.0,7.03
07/01/21 08:00:00.0,7.43
07/01/21 12:00:00.0,9.82
07/01/21 16:00:00.0,11.77
07/01/21 20:00:00.0,9.82
07/02/21 00:00:00.0,6.62
07/02/21 04:00:00.0,5.81
07/02/21 08:00:00.0,6.62
07/02/21 12:00:00.0,11.77
07/02/21 16:00:00.0,15.23
07/02/21 20:00:00.0,14.85
07/03/21 00:00:00.0,11.77
07/03/21 04:00:00.0,10.99
07/03/21 08:00:00.0,10.21
07/03/21 12:00:00.0,13.7
07/03/21 16:00:00.0,14.47
07/03/21 20:00:00.0,14.09
07/04/21 00:00:00.0,12.16
07/04/21 04:00:00.0,10.21
07/04/21 08:00:00.0,10.21
07/04/21 12:00:00.0,15.23
07/04/21 16:00:00.0,14.85
07/04/21 20:00:00.0,17.52
07/05/21 00:00:00.0,11.77
07/05/21 04:00:00.0,9.82
07/05/21 08:00:00.0,9.82
07/05/21 12:00:00.0,15.62
07/05/21 16:00:00.0,12.55
07/05/21 20:00:00.0,12.55
07/06/21 00:00:00.0,9.03
07/06/21 04:00:00.0,7.43
07/06/21 08:00:00.0,7.83
07/06/21 12:00:00.0,12.55
07/06/21 16:00:00.0,15.62
07/06/21 20:00:00.0,15.62
07/07/21 00:00:00.0,13.32
07/07/21 04:00:00.0,8.23
07/07/21 08:00:00.0,6.62
07/07/21 12:00:00.0,14.09
07/07/21 16:00:00.0,16.38
07/07/21 20:00:00.0,19.04
07/08/21 00:00:00.0,13.32
07/08/21 04:00:00.0,12.16
07/08/21 08:00:00.0,12.55
07/08/21 12:00:00.0,16.38
07/08/21 16:00:00.0,20.95
07/08/21 20:00:00.0,20.19
07/09/21 00:00:00.0,16.76
07/09/21 04:00:00.0,14.85
07/09/21 08:00:00.0,13.32
07/09/21 12:00:00.0,17.52
07/09/21 16:00:00.0,20.19
07/09/21 20:00:00.0,19.42
07/10/21 00:00:00.0,16.76
07/10/21 04:00:00.0,14.09
07/10/21 08:00:00.0,11.38
07/10/21 12:00:00.0,14.85
07/10/21 16:00:00.0,18.66
07/10/21 20:00:00.0,18.28
07/11/21 00:00:00.0,14.47
07/11/21 04:00:00.0,11.77
07/11/21 08:00:00.0,9.82
07/11/21 12:00:00.0,14.85
07/11/21 16:00:00.0,18.28
07/11/21 20:00:00.0,19.04
07/12/21 00:00:00.0,14.47
07/12/21 04:00:00.0,11.38
07/12/21 08:00:00.0,9.42
07/12/21 12:00:00.0,14.85
07/12/21 16:00:00.0,19.04
07/12/21 20:00:00.0,19.42
07/13/21 00:00:00.0,15.62
07/13/21 04:00:00.0,12.93
07/13/21 08:00:00.0,12.93
07/13/21 12:00:00.0,14.47
07/13/21 16:00:00.0,16.76
07/13/21 20:00:00.0,11.77
07/14/21 00:00:00.0,10.99
07/14/21 04:00:00.0,9.82
07/14/21 08:00:00.0,9.42
07/14/21 12:00:00.0,10.99
07/14/21 16:00:00.0,11.77
07/14/21 20:00:00.0,11.38
07/15/21 00:00:00.0,8.23
07/15/21 04:00:00.0,7.83
07/15/21 08:00:00.0,7.43
07/15/21 12:00:00.0,11.77
07/15/21 16:00:00.0,14.85
07/15/21 20:00:00.0,16
07/16/21 00:00:00.0,13.7
07/16/21 04:00:00.0,11.38
07/16/21 08:00:00.0,10.21
07/16/21 12:00:00.0,14.09
07/16/21 16:00:00.0,16
07/16/21 20:00:00.0,16
07/17/21 00:00:00.0,14.09
07/17/21 04:00:00.0,10.99
07/17/21 08:00:00.0,9.82
07/17/21 12:00:00.0,14.47
07/17/21 16:00:00.0,16
07/17/21 20:00:00.0,16.38
07/18/21 00:00:00.0,11.38
07/18/21 04:00:00.0,9.42
07/18/21 08:00:00.0,9.82
07/18/21 12:00:00.0,15.62
07/18/21 16:00:00.0,18.28
07/18/21 20:00:00.0,19.81
07/19/21 00:00:00.0,15.62
07/19/21 04:00:00.0,10.21
07/19/21 08:00:00.0,9.03
07/19/21 12:00:00.0,15.62
07/19/21 16:00:00.0,19.42
07/19/21 20:00:00.0,21.33
07/20/21 00:00:00.0,17.52
07/20/21 04:00:00.0,13.32
07/20/21 08:00:00.0,12.16
07/20/21 12:00:00.0,16.76
07/20/21 16:00:00.0,20.57
07/20/21 20:00:00.0,19.81
07/21/21 00:00:00.0,16.38
07/21/21 04:00:00.0,13.32
07/21/21 08:00:00.0,13.32
07/21/21 12:00:00.0,14.47
07/21/21 16:00:00.0,16.38
07/21/21 20:00:00.0,15.62
07/22/21 00:00:00.0,9.82
07/22/21 04:00:00.0,10.99
07/22/21 08:00:00.0,10.6
07/22/21 12:00:00.0,13.32
07/22/21 16:00:00.0,16.38
07/22/21 20:00:00.0,15.62
07/23/21 00:00:00.0,12.93
07/23/21 04:00:00.0,12.93
07/23/21 08:00:00.0,11.77
07/23/21 12:00:00.0,13.7
07/23/21 16:00:00.0,14.09
07/23/21 20:00:00.0,12.16
07/24/21 00:00:00.0,9.82
07/24/21 04:00:00.0,7.43
07/24/21 08:00:00.0,7.43
07/24/21 12:00:00.0,11.77
07/24/21 16:00:00.0,16
07/24/21 20:00:00.0,16
07/25/21 00:00:00.0,13.7
07/25/21 04:00:00.0,11.38
07/25/21 08:00:00.0,10.6
07/25/21 12:00:00.0,14.85
07/25/21 16:00:00.0,17.52
07/25/21 20:00:00.0,14.09
07/26/21 00:00:00.0,8.63
07/26/21 04:00:00.0,7.03
07/26/21 08:00:00.0,7.83
07/26/21 12:00:00.0,14.47
07/26/21 16:00:00.0,18.28
07/26/21 20:00:00.0,20.19
07/27/21 00:00:00.0,16.38
07/27/21 04:00:00.0,10.21
07/27/21 08:00:00.0,8.63
07/27/21 12:00:00.0,15.62
07/27/21 16:00:00.0,20.19
07/27/21 20:00:00.0,21.71
07/28/21 00:00:00.0,16.38
07/28/21 04:00:00.0,15.23
07/28/21 08:00:00.0,13.32
07/28/21 12:00:00.0,16.38
07/28/21 16:00:00.0,19.04
07/28/21 20:00:00.0,18.66
07/29/21 00:00:00.0,13.7
07/29/21 04:00:00.0,11.38
07/29/21 08:00:00.0,10.6
07/29/21 12:00:00.0,16
07/29/21 16:00:00.0,19.04
07/29/21 20:00:00.0,18.66
07/30/21 00:00:00.0,16.38
07/30/21 04:00:00.0,14.47
07/30/21 08:00:00.0,12.93
07/30/21 12:00:00.0,15.62
07/30/21 16:00:00.0,15.62
07/30/21 20:00:00.0,14.47
07/31/21 00:00:00.0,10.6
07/31/21 04:00:00.0,8.63
07/31/21 08:00:00.0,8.23
07/31/21 12:00:00.0,9.42
07/31/21 16:00:00.0,9.42
07/31/21 20:00:00.0,7.83
08/01/21 00:00:00.0,6.22
08/01/21 04:00:00.0,3.74
08/01/21 08:00:00.0,4.15
08/01/21 12:00:00.0,7.03
08/01/21 16:00:00.0,10.99
08/01/21 20:00:00.0,10.6
08/02/21 00:00:00.0,9.42
08/02/21 04:00:00.0,7.43
08/02/21 08:00:00.0,7.43
08/02/21 12:00:00.0,10.99
08/02/21 16:00:00.0,13.7
08/02/21 20:00:00.0,10.99
08/03/21 00:00:00.0,8.23
08/03/21 04:00:00.0,7.43
08/03/21 08:00:00.0,7.03
08/03/21 12:00:00.0,7.43
08/03/21 16:00:00.0,10.21
08/03/21 20:00:00.0,9.03
08/04/21 00:00:00.0,7.43
08/04/21 04:00:00.0,6.22
08/04/21 08:00:00.0,4.99
08/04/21 12:00:00.0,7.83
08/04/21 16:00:00.0,12.55
08/04/21 20:00:00.0,12.16
08/05/21 00:00:00.0,7.43
08/05/21 04:00:00.0,6.62
08/05/21 08:00:00.0,6.62
08/05/21 12:00:00.0,10.6
08/05/21 16:00:00.0,16.38
08/05/21 20:00:00.0,18.28
08/06/21 00:00:00.0,15.62
08/06/21 04:00:00.0,12.16
08/06/21 08:00:00.0,12.16
08/06/21 12:00:00.0,14.47
08/06/21 16:00:00.0,15.62
08/06/21 20:00:00.0,17.52
08/07/21 00:00:00.0,12.55
08/07/21 04:00:00.0,9.03
08/07/21 08:00:00.0,7.83
08/07/21 12:00:00.0,8.23
08/07/21 16:00:00.0,12.16
08/07/21 20:00:00.0,12.93
08/08/21 00:00:00.0,10.21
08/08/21 04:00:00.0,8.63
08/08/21 08:00:00.0,7.43
08/08/21 12:00:00.0,10.99
08/08/21 16:00:00.0,16.38
08/08/21 20:00:00.0,17.9
08/09/21 00:00:00.0,14.85
08/09/21 04:00:00.0,12.93
08/09/21 08:00:00.0,10.99
08/09/21 12:00:00.0,14.09
08/09/21 16:00:00.0,18.66
08/09/21 20:00:00.0,19.04
08/10/21 00:00:00.0,14.85
08/10/21 04:00:00.0,12.93
08/10/21 08:00:00.0,11.38
08/10/21 12:00:00.0,14.09
08/10/21 16:00:00.0,18.28
08/10/21 20:00:00.0,17.9
08/11/21 00:00:00.0,14.85
08/11/21 04:00:00.0,12.55
08/11/21 08:00:00.0,11.38
08/11/21 12:00:00.0,14.09
08/11/21 16:00:00.0,19.42
08/11/21 20:00:00.0,20.57
08/12/21 00:00:00.0,14.47
08/12/21 04:00:00.0,10.6
08/12/21 08:00:00.0,9.42
08/12/21 12:00:00.0,14.85
08/12/21 16:00:00.0,17.52
08/12/21 20:00:00.0,17.52
08/13/21 00:00:00.0,14.85
08/13/21 04:00:00.0,11.38
08/13/21 08:00:00.0,9.82
08/13/21 12:00:00.0,13.7
08/13/21 16:00:00.0,15.62
08/13/21 20:00:00.0,15.23
08/14/21 00:00:00.0,11.38
08/14/21 04:00:00.0,8.63
08/14/21 08:00:00.0,9.42
08/14/21 12:00:00.0,13.32
08/14/21 16:00:00.0,15.62
08/14/21 20:00:00.0,15.23
08/15/21 00:00:00.0,13.32
08/15/21 04:00:00.0,12.16
08/15/21 08:00:00.0,10.99
08/15/21 12:00:00.0,13.32
08/15/21 16:00:00.0,11.77
08/15/21 20:00:00.0,9.82
08/16/21 00:00:00.0,7.43
08/16/21 04:00:00.0,6.22
08/16/21 08:00:00.0,5.4
08/16/21 12:00:00.0,10.99
08/16/21 16:00:00.0,15.62
08/16/21 20:00:00.0,16
08/17/21 00:00:00.0,11.77
08/17/21 04:00:00.0,11.38
08/17/21 08:00:00.0,10.21
08/17/21 12:00:00.0,13.32
08/17/21 16:00:00.0,18.28
08/17/21 20:00:00.0,17.14
08/18/21 00:00:00.0,13.7
08/18/21 04:00:00.0,12.55
08/18/21 08:00:00.0,11.38
08/18/21 12:00:00.0,14.09
08/18/21 16:00:00.0,14.85
08/18/21 20:00:00.0,11.77
08/19/21 00:00:00.0,10.21
08/19/21 04:00:00.0,9.42
08/19/21 08:00:00.0,8.23
08/19/21 12:00:00.0,8.63
08/19/21 16:00:00.0,9.82
08/19/21 20:00:00.0,7.83
08/20/21 00:00:00.0,4.99
08/20/21 04:00:00.0,1.17
08/20/21 08:00:00.0,-0.16
08/20/21 12:00:00.0,2.46
08/20/21 16:00:00.0,8.23
08/20/21 20:00:00.0,8.63
08/21/21 00:00:00.0,5.81
08/21/21 04:00:00.0,4.57
08/21/21 08:00:00.0,3.74
08/21/21 12:00:00.0,7.43
08/21/21 16:00:00.0,11.38
08/21/21 20:00:00.0,9.42
08/22/21 00:00:00.0,7.43
08/22/21 04:00:00.0,7.43
08/22/21 08:00:00.0,7.03
08/22/21 12:00:00.0,9.82
08/22/21 16:00:00.0,14.85
08/22/21 20:00:00.0,15.62
08/23/21 00:00:00.0,12.93
08/23/21 04:00:00.0,9.82
08/23/21 08:00:00.0,9.42
08/23/21 12:00:00.0,10.99
08/23/21 16:00:00.0,14.47
08/23/21 20:00:00.0,16
08/24/21 00:00:00.0,13.32
08/24/21 04:00:00.0,10.99
08/24/21 08:00:00.0,9.42
08/24/21 12:00:00.0,12.55
08/24/21 16:00:00.0,17.14
08/24/21 20:00:00.0,18.66
08/25/21 00:00:00.0,14.85
08/25/21 04:00:00.0,12.93
08/25/21 08:00:00.0,10.6
08/25/21 12:00:00.0,12.93
08/25/21 16:00:00.0,18.28
08/25/21 20:00:00.0,17.9
08/26/21 00:00:00.0,14.47
08/26/21 04:00:00.0,12.16
08/26/21 08:00:00.0,11.38
08/26/21 12:00:00.0,12.93
08/26/21 16:00:00.0,15.62
08/26/21 20:00:00.0,16
08/27/21 00:00:00.0,9.82
08/27/21 04:00:00.0,6.22
08/27/21 08:00:00.0,7.43
08/27/21 12:00:00.0,11.38
08/27/21 16:00:00.0,16.38
08/27/21 20:00:00.0,17.52
08/28/21 00:00:00.0,14.47
08/28/21 04:00:00.0,12.16
08/28/21 08:00:00.0,10.99
08/28/21 12:00:00.0,13.7
08/28/21 16:00:00.0,18.28
08/28/21 20:00:00.0,17.52
08/29/21 00:00:00.0,14.47
08/29/21 04:00:00.0,10.99
08/29/21 08:00:00.0,9.03
08/29/21 12:00:00.0,12.93
08/29/21 16:00:00.0,16.76
08/29/21 20:00:00.0,16
08/30/21 00:00:00.0,10.21
08/30/21 04:00:00.0,8.23
08/30/21 08:00:00.0,7.83
08/30/21 12:00:00.0,11.77
08/30/21 16:00:00.0,16
08/30/21 20:00:00.0,14.85
08/31/21 00:00:00.0,10.99
08/31/21 04:00:00.0,9.03
08/31/21 08:00:00.0,7.83
08/31/21 12:00:00.0,12.16
08/31/21 16:00:00.0,16.76
08/31/21 20:00:00.0,16
09/01/21 00:00:00.0,11.77
09/01/21 04:00:00.0,11.77
09/01/21 08:00:00.0,11.77
09/01/21 12:00:00.0,13.7
09/01/21 16:00:00.0,14.47
09/01/21 20:00:00.0,10.99
09/02/21 00:00:00.0,9.03
09/02/21 04:00:00.0,7.43
09/02/21 08:00:00.0,6.62
09/02/21 12:00:00.0,7.43
09/02/21 16:00:00.0,10.6
09/02/21 20:00:00.0,9.42
09/03/21 00:00:00.0,7.03
09/03/21 04:00:00.0,6.22
09/03/21 08:00:00.0,5.4
09/03/21 12:00:00.0,7.43
09/03/21 16:00:00.0,9.42
09/03/21 20:00:00.0,8.63
09/04/21 00:00:00.0,7.43
09/04/21 04:00:00.0,5.81
09/04/21 08:00:00.0,3.74
09/04/21 12:00:00.0,7.43
09/04/21 16:00:00.0,12.55
09/04/21 20:00:00.0,12.93
09/05/21 00:00:00.0,10.6
09/05/21 04:00:00.0,7.83
09/05/21 08:00:00.0,6.22
09/05/21 12:00:00.0,9.03
09/05/21 16:00:00.0,14.09
09/05/21 20:00:00.0,14.85
09/06/21 00:00:00.0,10.99
09/06/21 04:00:00.0,10.21
09/06/21 08:00:00.0,9.03
09/06/21 12:00:00.0,11.38
09/06/21 16:00:00.0,16.38
09/06/21 20:00:00.0,16
09/07/21 00:00:00.0,13.32
09/07/21 04:00:00.0,10.99
09/07/21 08:00:00.0,9.82
09/07/21 12:00:00.0,12.16
09/07/21 16:00:00.0,17.14
09/07/21 20:00:00.0,16
09/08/21 00:00:00.0,10.99
09/08/21 04:00:00.0,7.43
09/08/21 08:00:00.0,6.22
09/08/21 12:00:00.0,11.77
09/08/21 16:00:00.0,15.62
09/08/21 20:00:00.0,15.62
09/09/21 00:00:00.0,13.32
09/09/21 04:00:00.0,11.77
09/09/21 08:00:00.0,10.6
09/09/21 12:00:00.0,13.32
09/09/21 16:00:00.0,17.52
09/09/21 20:00:00.0,17.52
09/10/21 00:00:00.0,13.32
09/10/21 04:00:00.0,10.99
09/10/21 08:00:00.0,9.42
09/10/21 12:00:00.0,12.93
09/10/21 16:00:00.0,17.9
09/10/21 20:00:00.0,18.28
09/11/21 00:00:00.0,15.23
09/11/21 04:00:00.0,13.7
09/11/21 08:00:00.0,12.16
09/11/21 12:00:00.0,13.7
09/11/21 16:00:00.0,16.76
09/11/21 20:00:00.0,16.76
09/12/21 00:00:00.0,14.09
09/12/21 04:00:00.0,11.38
09/12/21 08:00:00.0,9.03
09/12/21 12:00:00.0,10.21
09/12/21 16:00:00.0,12.93
09/12/21 20:00:00.0,14.09
09/13/21 00:00:00.0,11.38
09/13/21 04:00:00.0,9.82
09/13/21 08:00:00.0,9.03
09/13/21 12:00:00.0,9.82
09/13/21 16:00:00.0,13.7
09/13/21 20:00:00.0,12.16
09/14/21 00:00:00.0,10.6
09/14/21 04:00:00.0,6.62
09/14/21 08:00:00.0,6.22
09/14/21 12:00:00.0,8.63
09/14/21 16:00:00.0,12.55
09/14/21 20:00:00.0,10.99
09/15/21 00:00:00.0,9.03
09/15/21 04:00:00.0,7.43
09/15/21 08:00:00.0,7.03
09/15/21 12:00:00.0,9.42
09/15/21 16:00:00.0,14.47
09/15/21 20:00:00.0,14.85
09/16/21 00:00:00.0,11.77
09/16/21 04:00:00.0,10.21
09/16/21 08:00:00.0,9.03
09/16/21 12:00:00.0,10.99
09/16/21 16:00:00.0,15.23
09/16/21 20:00:00.0,14.09
09/17/21 00:00:00.0,11.38
09/17/21 04:00:00.0,8.63
09/17/21 08:00:00.0,5.81
09/17/21 12:00:00.0,9.03
09/17/21 16:00:00.0,12.93
09/17/21 20:00:00.0,12.55
09/18/21 00:00:00.0,9.82
09/18/21 04:00:00.0,8.63
09/18/21 08:00:00.0,8.23
09/18/21 12:00:00.0,10.6
09/18/21 16:00:00.0,14.85
09/18/21 20:00:00.0,13.32
09/19/21 00:00:00.0,9.03
09/19/21 04:00:00.0,7.03
09/19/21 08:00:00.0,5.4
09/19/21 12:00:00.0,7.43
09/19/21 16:00:00.0,11.38
09/19/21 20:00:00.0,10.6
09/20/21 00:00:00.0,8.23
09/20/21 04:00:00.0,1.6
09/20/21 08:00:00.0,-1.97
09/20/21 12:00:00.0,-1.97
09/20/21 16:00:00.0,0.29
09/20/21 20:00:00.0,0.73
09/21/21 00:00:00.0,-0.61
09/21/21 04:00:00.0,-1.97
09/21/21 08:00:00.0,-4.33
09/21/21 12:00:00.0,-1.97
09/21/21 16:00:00.0,3.74
09/21/21 20:00:00.0,4.57
09/22/21 00:00:00.0,2.89
09/22/21 04:00:00.0,2.46
09/22/21 08:00:00.0,1.6
09/22/21 12:00:00.0,4.99
09/22/21 16:00:00.0,9.82
09/22/21 20:00:00.0,9.82
09/23/21 00:00:00.0,6.62
09/23/21 04:00:00.0,5.4
09/23/21 08:00:00.0,4.99
09/23/21 12:00:00.0,7.03
09/23/21 16:00:00.0,10.21
09/23/21 20:00:00.0,9.42
09/24/21 00:00:00.0,7.03
09/24/21 04:00:00.0,4.57
09/24/21 08:00:00.0,2.03
09/24/21 12:00:00.0,5.81
09/24/21 16:00:00.0,10.6
09/24/21 20:00:00.0,10.21
09/25/21 00:00:00.0,6.22
09/25/21 04:00:00.0,6.22
09/25/21 08:00:00.0,5.4
09/25/21 12:00:00.0,7.43
09/25/21 16:00:00.0,11.77
09/25/21 20:00:00.0,12.16
09/26/21 00:00:00.0,9.82
09/26/21 04:00:00.0,8.23
09/26/21 08:00:00.0,7.03
09/26/21 12:00:00.0,9.03
09/26/21 16:00:00.0,13.7
09/26/21 20:00:00.0,13.32
09/27/21 00:00:00.0,10.21
09/27/21 04:00:00.0,6.62
09/27/21 08:00:00.0,4.57
09/27/21 12:00:00.0,9.42
09/27/21 16:00:00.0,12.93
09/27/21 20:00:00.0,11.38
09/28/21 00:00:00.0,9.42
09/28/21 04:00:00.0,7.03
09/28/21 08:00:00.0,4.57
09/28/21 12:00:00.0,6.22
09/28/21 16:00:00.0,5.81
09/28/21 20:00:00.0,4.99
09/29/21 00:00:00.0,3.74
09/29/21 04:00:00.0,2.89
09/29/21 08:00:00.0,2.03
09/29/21 12:00:00.0,3.74
09/29/21 16:00:00.0,3.31
09/29/21 20:00:00.0,2.89
09/30/21 00:00:00.0,1.17
09/30/21 04:00:00.0,0.29
09/30/21 08:00:00.0,-0.16
09/30/21 12:00:00.0,1.6
09/30/21 16:00:00.0,3.31
09/30/21 20:00:00.0,2.89
10/01/21 00:00:00.0,1.6
10/01/21 04:00:00.0,-0.61
10/01/21 08:00:00.0,-1.06
10/01/21 12:00:00.0,2.03
10/01/21 16:00:00.0,3.74
10/01/21 20:00:00.0,3.31
10/02/21 00:00:00.0,1.17
10/02/21 04:00:00.0,0.29
10/02/21 08:00:00.0,0.29
10/02/21 12:00:00.0,2.03
10/02/21 16:00:00.0,3.74
10/02/21 20:00:00.0,3.74
10/03/21 00:00:00.0,1.17
10/03/21 04:00:00.0,0.73
10/03/21 08:00:00.0,0.29
10/03/21 12:00:00.0,2.46
10/03/21 16:00:00.0,6.62
10/03/21 20:00:00.0,6.62
10/04/21 00:00:00.0,3.31
10/04/21 04:00:00.0,2.03
10/04/21 08:00:00.0,2.03
10/04/21 12:00:00.0,4.15
10/04/21 16:00:00.0,8.63
10/04/21 20:00:00.0,7.83
10/05/21 00:00:00.0,3.74
10/05/21 04:00:00.0,2.89
10/05/21 08:00:00.0,2.03
10/05/21 12:00:00.0,5.81
10/05/21 16:00:00.0,9.42
10/05/21 20:00:00.0,8.23
10/06/21 00:00:00.0,4.99
10/06/21 04:00:00.0,4.57
10/06/21 08:00:00.0,2.89
10/06/21 12:00:00.0,5.81
10/06/21 16:00:00.0,7.43
10/06/21 20:00:00.0,6.22
10/07/21 00:00:00.0,3.74
10/07/21 04:00:00.0,2.03
10/07/21 08:00:00.0,1.17
10/07/21 12:00:00.0,2.46
10/07/21 16:00:00.0,7.03
10/07/21 20:00:00.0,6.62
10/08/21 00:00:00.0,5.4
10/08/21 04:00:00.0,3.31
10/08/21 08:00:00.0,2.46
10/08/21 12:00:00.0,3.74
10/08/21 16:00:00.0,5.4
10/08/21 20:00:00.0,4.57
10/09/21 00:00:00.0,3.31
10/09/21 04:00:00.0,2.03
10/09/21 08:00:00.0,-0.16
10/09/21 12:00:00.0,-1.51
10/09/21 16:00:00.0,-1.51
10/09/21 20:00:00.0,-1.97
10/10/21 00:00:00.0,-3.85
10/10/21 04:00:00.0,-4.82
10/10/21 08:00:00.0,-4.82
10/10/21 12:00:00.0,-3.85
10/10/21 16:00:00.0,-1.97
10/10/21 20:00:00.0,-3.37
10/11/21 00:00:00.0,-4.33
10/11/21 04:00:00.0,-4.82
10/11/21 08:00:00.0,-6.31
10/11/21 12:00:00.0,-4.33
10/11/21 16:00:00.0,-1.51
10/11/21 20:00:00.0,-2.9
10/12/21 00:00:00.0,-3.85
10/12/21 04:00:00.0,-4.33
10/12/21 08:00:00.0,-4.82
10/12/21 12:00:00.0,-3.37
10/12/21 16:00:00.0,-3.37
10/12/21 20:00:00.0,-5.81
10/13/21 00:00:00.0,-7.33
10/13/21 04:00:00.0,-8.91
10/13/21 08:00:00.0,-9.46
10/13/21 12:00:00.0,-8.38
10/13/21 16:00:00.0,-6.82
10/13/21 20:00:00.0,-7.85
10/14/21 00:00:00.0,-7.85
10/14/21 04:00:00.0,-8.91
10/14/21 08:00:00.0,-8.91
10/14/21 12:00:00.0,-8.38
10/14/21 16:00:00.0,-7.85
10/14/21 20:00:00.0,-7.85
10/15/21 00:00:00.0,-8.91
10/15/21 04:00:00.0,-10.01
10/15/21 08:00:00.0,-11.7
10/15/21 12:00:00.0,-11.13
10/15/21 16:00:00.0,-9.46
10/15/21 20:00:00.0,-8.91
10/16/21 00:00:00.0,-8.91
10/16/21 04:00:00.0,-8.38
10/16/21 08:00:00.0,-7.85
10/16/21 12:00:00.0,-6.31
10/16/21 16:00:00.0,-4.82
10/16/21 20:00:00.0,-4.33
10/17/21 00:00:00.0,-4.33
10/17/21 04:00:00.0,-4.33
10/17/21 08:00:00.0,-3.85
10/17/21 12:00:00.0,-3.37
10/17/21 16:00:00.0,-0.61
10/17/21 20:00:00.0,-1.51
10/18/21 00:00:00.0,-1.51
10/18/21 04:00:00.0,-0.61
10/18/21 08:00:00.0,-1.06
10/18/21 12:00:00.0,-1.51
10/18/21 16:00:00.0,0.73
10/18/21 20:00:00.0,-0.61
10/19/21 00:00:00.0,-1.97
10/19/21 04:00:00.0,-3.85
10/19/21 08:00:00.0,-4.33
10/19/21 12:00:00.0,-3.85
10/19/21 16:00:00.0,-3.37
10/19/21 20:00:00.0,-5.31
10/20/21 00:00:00.0,-6.82
10/20/21 04:00:00.0,-7.33
10/20/21 08:00:00.0,-7.33
10/20/21 12:00:00.0,-5.81
10/20/21 16:00:00.0,-2.44
10/20/21 20:00:00.0,-2.44
10/21/21 00:00:00.0,-2.9
10/21/21 04:00:00.0,-3.37
10/21/21 08:00:00.0,-3.85
10/21/21 12:00:00.0,-3.37
10/21/21 16:00:00.0,-0.16
10/21/21 20:00:00.0,-0.61
10/22/21 00:00:00.0,-1.06
10/22/21 04:00:00.0,-1.97
10/22/21 08:00:00.0,-2.44
10/22/21 12:00:00.0,-1.97
10/22/21 16:00:00.0,1.6
10/22/21 20:00:00.0,0.73