Date Time,Temp.F
10/02/13 12:00:00 AM,43.648
10/02/13 2:00:00 AM,42.179
10/02/13 4:00:00 AM,42.548
10/02/13 6:00:00 AM,40.321
10/02/13 8:00:00 AM,39.573
10/02/13 10:00:00 AM,42.732
10/02/13 12:00:00 PM,63.282
10/02/13 2:00:00 PM,65.509
10/02/13 4:00:00 PM,67.564
10/02/13 6:00:00 PM,68.934
10/02/13 8:00:00 PM,69.622
10/02/13 10:00:00 PM,69.622
10/03/13 12:00:00 AM,69.107
10/03/13 2:00:00 AM,68.248
10/03/13 4:00:00 AM,67.564
10/03/13 6:00:00 AM,66.879
10/03/13 8:00:00 AM,56.923
10/03/13 10:00:00 AM,51.874
10/03/13 12:00:00 PM,66.193
10/03/13 2:00:00 PM,59.508
10/03/13 4:00:00 PM,53.973
10/03/13 6:00:00 PM,46.908
10/03/13 8:00:00 PM,58.993
10/03/13 10:00:00 PM,63.455
10/04/13 12:00:00 AM,65.167
10/04/13 2:00:00 AM,65.167
10/04/13 4:00:00 AM,64.652
10/04/13 6:00:00 AM,64.139
10/04/13 8:00:00 AM,63.968
10/04/13 10:00:00 AM,65.851
10/04/13 12:00:00 PM,67.221
10/04/13 2:00:00 PM,67.735
10/04/13 4:00:00 PM,67.906
10/04/13 6:00:00 PM,67.735
10/04/13 8:00:00 PM,67.735
10/04/13 10:00:00 PM,66.537
10/05/13 12:00:00 AM,66.366
10/05/13 2:00:00 AM,66.366
10/05/13 4:00:00 AM,66.022
10/05/13 6:00:00 AM,65.851
10/05/13 8:00:00 AM,66.193
10/05/13 10:00:00 AM,66.366
10/05/13 12:00:00 PM,66.537
10/05/13 2:00:00 PM,66.708
10/05/13 4:00:00 PM,66.193
10/05/13 6:00:00 PM,66.708
10/05/13 8:00:00 PM,66.022
10/05/13 10:00:00 PM,64.996
10/06/13 12:00:00 AM,66.022
10/06/13 2:00:00 AM,66.193
10/06/13 4:00:00 AM,66.022
10/06/13 6:00:00 AM,66.366
10/06/13 8:00:00 AM,66.879
10/06/13 10:00:00 AM,67.221
10/06/13 12:00:00 PM,67.735
10/06/13 2:00:00 PM,68.077
10/06/13 4:00:00 PM,68.592
10/06/13 6:00:00 PM,69.107
10/06/13 8:00:00 PM,69.107
10/06/13 10:00:00 PM,68.934
10/07/13 12:00:00 AM,66.708
10/07/13 2:00:00 AM,65.68
10/07/13 4:00:00 AM,64.996
10/07/13 6:00:00 AM,64.996
10/07/13 8:00:00 AM,65.167
10/07/13 10:00:00 AM,65.338
10/07/13 12:00:00 PM,65.509
10/07/13 2:00:00 PM,65.851
10/07/13 4:00:00 PM,66.366
10/07/13 6:00:00 PM,66.708
10/07/13 8:00:00 PM,66.879
10/07/13 10:00:00 PM,66.537
10/08/13 12:00:00 AM,66.022
10/08/13 2:00:00 AM,65.509
10/08/13 4:00:00 AM,65.167
10/08/13 6:00:00 AM,64.825
10/08/13 8:00:00 AM,64.825
10/08/13 10:00:00 AM,65.167
10/08/13 12:00:00 PM,65.509
10/08/13 2:00:00 PM,66.022
10/08/13 4:00:00 PM,66.537
10/08/13 6:00:00 PM,67.05
10/08/13 8:00:00 PM,67.05
10/08/13 10:00:00 PM,66.537
10/09/13 12:00:00 AM,66.022
10/09/13 2:00:00 AM,65.509
10/09/13 4:00:00 AM,65.167
10/09/13 6:00:00 AM,64.825
10/09/13 8:00:00 AM,65.167
10/09/13 10:00:00 AM,62.254
10/09/13 12:00:00 PM,52.225
10/09/13 2:00:00 PM,48.871
10/09/13 4:00:00 PM,44.379
10/09/13 6:00:00 PM,42.179
10/09/13 8:00:00 PM,41.81
10/09/13 10:00:00 PM,40.881
10/10/13 12:00:00 AM,40.509
10/10/13 2:00:00 AM,40.509
10/10/13 4:00:00 AM,40.509
10/10/13 6:00:00 AM,39.573
10/10/13 8:00:00 AM,36.338
10/10/13 10:00:00 AM,37.679
10/10/13 12:00:00 PM,39.384
10/10/13 2:00:00 PM,36.338
10/10/13 4:00:00 PM,37.679
10/10/13 6:00:00 PM,40.696
10/10/13 8:00:00 PM,51.172
10/10/13 10:00:00 PM,50.113
10/11/13 12:00:00 AM,45.648
10/11/13 2:00:00 AM,41.625
10/11/13 4:00:00 AM,39.007
10/11/13 6:00:00 AM,37.488
10/11/13 8:00:00 AM,36.338
10/11/13 10:00:00 AM,41.254
10/11/13 12:00:00 PM,50.466
10/11/13 2:00:00 PM,50.29
10/11/13 4:00:00 PM,50.29
10/11/13 6:00:00 PM,45.286
10/11/13 8:00:00 PM,38.629
10/11/13 10:00:00 PM,33.607
10/12/13 12:00:00 AM,31.415
10/12/13 2:00:00 AM,29.586
10/12/13 4:00:00 AM,28.762
10/12/13 6:00:00 AM,28.346
10/12/13 8:00:00 AM,29.174
10/12/13 10:00:00 AM,43.831
10/12/13 12:00:00 PM,57.096
10/12/13 2:00:00 PM,58.82
10/12/13 4:00:00 PM,56.057
10/12/13 6:00:00 PM,50.113
10/12/13 8:00:00 PM,39.384
10/12/13 10:00:00 PM,32.617
10/13/13 12:00:00 AM,29.995
10/13/13 2:00:00 AM,27.721
10/13/13 4:00:00 AM,25.39
10/13/13 6:00:00 AM,23.875
10/13/13 8:00:00 AM,23.216
10/13/13 10:00:00 AM,42.179
10/13/13 12:00:00 PM,60.024
10/13/13 2:00:00 PM,64.652
10/13/13 4:00:00 PM,62.083
10/13/13 6:00:00 PM,58.131
10/13/13 8:00:00 PM,46.188
10/13/13 10:00:00 PM,40.321
10/14/13 12:00:00 AM,37.488
10/14/13 2:00:00 AM,32.815
10/14/13 4:00:00 AM,31.012
10/14/13 6:00:00 AM,30.808
10/14/13 8:00:00 AM,31.415
10/14/13 10:00:00 AM,32.418
10/14/13 12:00:00 PM,39.76
10/14/13 2:00:00 PM,45.828
10/14/13 4:00:00 PM,57.614
10/14/13 6:00:00 PM,62.083
10/14/13 8:00:00 PM,50.466
10/14/13 10:00:00 PM,50.466
10/15/13 12:00:00 AM,41.625
10/15/13 2:00:00 AM,35.951
10/15/13 4:00:00 AM,32.815
10/15/13 6:00:00 AM,31.012
10/15/13 8:00:00 AM,28.969
10/15/13 10:00:00 AM,31.213
10/15/13 12:00:00 PM,33.411
10/15/13 2:00:00 PM,33.411
10/15/13 4:00:00 PM,32.018
10/15/13 6:00:00 PM,29.995
10/15/13 8:00:00 PM,27.511
10/15/13 10:00:00 PM,25.39
10/16/13 12:00:00 AM,24.96
10/16/13 2:00:00 AM,22.775
10/16/13 4:00:00 AM,20.073
10/16/13 6:00:00 AM,20.302
10/16/13 8:00:00 AM,20.302
10/16/13 10:00:00 AM,26.458
10/16/13 12:00:00 PM,39.007
10/16/13 2:00:00 PM,41.254
10/16/13 4:00:00 PM,40.881
10/16/13 6:00:00 PM,40.134
10/16/13 8:00:00 PM,39.007
10/16/13 10:00:00 PM,40.134
10/17/13 12:00:00 AM,40.321
10/17/13 2:00:00 AM,40.321
10/17/13 4:00:00 AM,40.321
10/17/13 6:00:00 AM,40.321
10/17/13 8:00:00 AM,40.321
10/17/13 10:00:00 AM,56.057
10/17/13 12:00:00 PM,69.964
10/17/13 2:00:00 PM,69.449
10/17/13 4:00:00 PM,68.763
10/17/13 6:00:00 PM,68.421
10/17/13 8:00:00 PM,67.392
10/17/13 10:00:00 PM,68.077
10/18/13 12:00:00 AM,67.221
10/18/13 2:00:00 AM,68.592
10/18/13 4:00:00 AM,69.449
10/18/13 6:00:00 AM,68.934
10/18/13 8:00:00 AM,69.107
10/18/13 10:00:00 AM,70.824
10/18/13 12:00:00 PM,70.824
10/18/13 2:00:00 PM,70.137
10/18/13 4:00:00 PM,69.622
10/18/13 6:00:00 PM,69.278
10/18/13 8:00:00 PM,68.421
10/18/13 10:00:00 PM,67.735
10/19/13 12:00:00 AM,70.308
10/19/13 2:00:00 AM,70.308
10/19/13 4:00:00 AM,69.622
10/19/13 6:00:00 AM,69.622
10/19/13 8:00:00 AM,70.995
10/19/13 10:00:00 AM,71.512
10/19/13 12:00:00 PM,70.995
10/19/13 2:00:00 PM,70.824
10/19/13 4:00:00 PM,70.308
10/19/13 6:00:00 PM,70.48
10/19/13 8:00:00 PM,70.137
10/19/13 10:00:00 PM,69.964
10/20/13 12:00:00 AM,69.278
10/20/13 2:00:00 AM,68.421
10/20/13 4:00:00 AM,67.735
10/20/13 6:00:00 AM,67.906
10/20/13 8:00:00 AM,69.793
10/20/13 10:00:00 AM,69.622
10/20/13 12:00:00 PM,68.934
10/20/13 2:00:00 PM,68.421
10/20/13 4:00:00 PM,68.248
10/20/13 6:00:00 PM,70.48
10/20/13 8:00:00 PM,70.651
10/20/13 10:00:00 PM,69.964
10/21/13 12:00:00 AM,68.934
10/21/13 2:00:00 AM,67.906
10/21/13 4:00:00 AM,66.708
10/21/13 6:00:00 AM,65.68
10/21/13 8:00:00 AM,67.392
10/21/13 10:00:00 AM,68.763
10/21/13 12:00:00 PM,68.763
10/21/13 2:00:00 PM,68.763
10/21/13 4:00:00 PM,68.934
10/21/13 6:00:00 PM,68.421
10/21/13 8:00:00 PM,67.564
10/21/13 10:00:00 PM,65.851
10/22/13 12:00:00 AM,64.652
10/22/13 2:00:00 AM,65.338
10/22/13 4:00:00 AM,66.193
10/22/13 6:00:00 AM,65.851
10/22/13 8:00:00 AM,63.111
10/22/13 10:00:00 AM,58.993
10/22/13 12:00:00 PM,39.76
10/22/13 2:00:00 PM,41.81
10/22/13 4:00:00 PM,49.759
10/22/13 6:00:00 PM,35.175
10/22/13 8:00:00 PM,33.607
10/22/13 10:00:00 PM,33.213
10/23/13 12:00:00 AM,33.013
10/23/13 2:00:00 AM,33.013
10/23/13 4:00:00 AM,32.617
10/23/13 6:00:00 AM,33.607
10/23/13 8:00:00 AM,33.013
10/23/13 10:00:00 AM,34.981
10/23/13 12:00:00 PM,40.321
10/23/13 2:00:00 PM,45.286
10/23/13 4:00:00 PM,53.973
10/23/13 6:00:00 PM,38.25
10/23/13 8:00:00 PM,36.145
10/23/13 10:00:00 PM,33.213
10/24/13 12:00:00 AM,30.198
10/24/13 2:00:00 AM,33.013
10/24/13 4:00:00 AM,34.198
10/24/13 6:00:00 AM,34.002
10/24/13 8:00:00 AM,33.411
10/24/13 10:00:00 AM,34.786
10/24/13 12:00:00 PM,43.282
10/24/13 2:00:00 PM,47.982
10/24/13 4:00:00 PM,52.225
10/24/13 6:00:00 PM,39.76
10/24/13 8:00:00 PM,37.488
10/24/13 10:00:00 PM,36.145
10/25/13 12:00:00 AM,35.564
10/25/13 2:00:00 AM,36.531
10/25/13 4:00:00 AM,35.951
10/25/13 6:00:00 AM,33.805
10/25/13 8:00:00 AM,34.198
10/25/13 10:00:00 AM,36.145
10/25/13 12:00:00 PM,41.625
10/25/13 2:00:00 PM,46.908
10/25/13 4:00:00 PM,58.647
10/25/13 6:00:00 PM,34.394
10/25/13 8:00:00 PM,33.805
10/25/13 10:00:00 PM,31.617
10/26/13 12:00:00 AM,28.346
10/26/13 2:00:00 AM,27.302
10/26/13 4:00:00 AM,27.091
10/26/13 6:00:00 AM,26.031
10/26/13 8:00:00 AM,27.091
10/26/13 10:00:00 AM,33.411
10/26/13 12:00:00 PM,40.321
10/26/13 2:00:00 PM,44.56
10/26/13 4:00:00 PM,55.711
10/26/13 6:00:00 PM,37.87
10/26/13 8:00:00 PM,34.786
10/26/13 10:00:00 PM,34.59
10/27/13 12:00:00 AM,32.617
10/27/13 2:00:00 AM,33.013
10/27/13 4:00:00 AM,31.415
10/27/13 6:00:00 AM,31.213
10/27/13 8:00:00 AM,31.213
10/27/13 10:00:00 AM,32.418
10/27/13 12:00:00 PM,37.488
10/27/13 2:00:00 PM,43.831
10/27/13 4:00:00 PM,41.994
10/27/13 6:00:00 PM,35.564
10/27/13 8:00:00 PM,34.002
10/27/13 10:00:00 PM,30.808
10/28/13 12:00:00 AM,29.379
10/28/13 2:00:00 AM,29.79
10/28/13 4:00:00 AM,28.139
10/28/13 6:00:00 AM,28.346
10/28/13 8:00:00 AM,27.721
10/28/13 10:00:00 AM,29.174
10/28/13 12:00:00 PM,38.25
10/28/13 2:00:00 PM,38.44
10/28/13 4:00:00 PM,40.134
10/28/13 6:00:00 PM,32.418
10/28/13 8:00:00 PM,31.213
10/28/13 10:00:00 PM,33.607
10/29/13 12:00:00 AM,35.175
10/29/13 2:00:00 AM,35.37
10/29/13 4:00:00 AM,33.411
10/29/13 6:00:00 AM,31.012
10/29/13 8:00:00 AM,31.213
10/29/13 10:00:00 AM,32.218
10/29/13 12:00:00 PM,37.488
10/29/13 2:00:00 PM,33.411
10/29/13 4:00:00 PM,34.198
10/29/13 6:00:00 PM,27.93
10/29/13 8:00:00 PM,26.668
10/29/13 10:00:00 PM,24.96
10/30/13 12:00:00 AM,25.605
10/30/13 2:00:00 AM,23.216
10/30/13 4:00:00 AM,21.209
10/30/13 6:00:00 AM,19.843
10/30/13 8:00:00 AM,19.612
10/30/13 10:00:00 AM,20.984
10/30/13 12:00:00 PM,23.216
10/30/13 2:00:00 PM,24.526
10/30/13 4:00:00 PM,20.757
10/30/13 6:00:00 PM,18.685
10/30/13 8:00:00 PM,18.685
10/30/13 10:00:00 PM,16.556
10/31/13 12:00:00 AM,16.556
10/31/13 2:00:00 AM,16.075
10/31/13 4:00:00 AM,14.855
10/31/13 6:00:00 AM,14.855
10/31/13 8:00:00 AM,14.608
10/31/13 10:00:00 AM,15.346
10/31/13 12:00:00 PM,17.51
10/31/13 2:00:00 PM,19.152
10/31/13 4:00:00 PM,19.612
10/31/13 6:00:00 PM,18.217
10/31/13 8:00:00 PM,18.451
10/31/13 10:00:00 PM,19.843
11/01/13 12:00:00 AM,20.073
11/01/13 2:00:00 AM,20.302
11/01/13 4:00:00 AM,19.612
11/01/13 6:00:00 AM,18.919
11/01/13 8:00:00 AM,19.382
11/01/13 10:00:00 AM,19.843
11/01/13 12:00:00 PM,19.843
11/01/13 2:00:00 PM,20.302
11/01/13 4:00:00 PM,20.529
11/01/13 6:00:00 PM,19.152
11/01/13 8:00:00 PM,19.612
11/01/13 10:00:00 PM,19.843
11/02/13 12:00:00 AM,19.843
11/02/13 2:00:00 AM,20.757
11/02/13 4:00:00 AM,21.884
11/02/13 6:00:00 AM,23.875
11/02/13 8:00:00 AM,25.605
11/02/13 10:00:00 AM,30.403
11/02/13 12:00:00 PM,36.338
11/02/13 2:00:00 PM,41.625
11/02/13 4:00:00 PM,39.196
11/02/13 6:00:00 PM,34.981
11/02/13 8:00:00 PM,34.002
11/02/13 10:00:00 PM,38.629
11/03/13 12:00:00 AM,39.196
11/03/13 2:00:00 AM,37.679
11/03/13 4:00:00 AM,34.002
11/03/13 6:00:00 AM,33.411
11/03/13 8:00:00 AM,31.617
11/03/13 10:00:00 AM,31.012
11/03/13 12:00:00 PM,33.213
11/03/13 2:00:00 PM,37.488
11/03/13 4:00:00 PM,33.411
11/03/13 6:00:00 PM,28.969
11/03/13 8:00:00 PM,27.511
11/03/13 10:00:00 PM,23.436
11/04/13 12:00:00 AM,14.855
11/04/13 2:00:00 AM,13.615
11/04/13 4:00:00 AM,13.365
11/04/13 6:00:00 AM,12.607
11/04/13 8:00:00 AM,16.075
11/04/13 10:00:00 AM,20.529
11/04/13 12:00:00 PM,26.031
11/04/13 2:00:00 PM,29.79
11/04/13 4:00:00 PM,28.346
11/04/13 6:00:00 PM,21.434
11/04/13 8:00:00 PM,16.317
11/04/13 10:00:00 PM,24.526
11/05/13 12:00:00 AM,24.31
11/05/13 2:00:00 AM,21.884
11/05/13 4:00:00 AM,16.075
11/05/13 6:00:00 AM,12.607
11/05/13 8:00:00 AM,9.484
11/05/13 10:00:00 AM,10.54
11/05/13 12:00:00 PM,12.351
11/05/13 2:00:00 PM,12.607
11/05/13 4:00:00 PM,12.096
11/05/13 6:00:00 PM,7.864
11/05/13 8:00:00 PM,7.038
11/05/13 10:00:00 PM,5.634
11/06/13 12:00:00 AM,5.063
11/06/13 2:00:00 AM,6.199
11/06/13 4:00:00 AM,9.216
11/06/13 6:00:00 AM,10.803
11/06/13 8:00:00 AM,11.581
11/06/13 10:00:00 AM,14.362
11/06/13 12:00:00 PM,16.317
11/06/13 2:00:00 PM,17.748
11/06/13 4:00:00 PM,17.272
11/06/13 6:00:00 PM,17.51
11/06/13 8:00:00 PM,18.217
11/06/13 10:00:00 PM,18.685
11/07/13 12:00:00 AM,18.451
11/07/13 2:00:00 AM,18.217
11/07/13 4:00:00 AM,18.685
11/07/13 6:00:00 AM,19.843
11/07/13 8:00:00 AM,22.775
11/07/13 10:00:00 AM,24.093
11/07/13 12:00:00 PM,29.79
11/07/13 2:00:00 PM,35.37
11/07/13 4:00:00 PM,34.394
11/07/13 6:00:00 PM,32.218
11/07/13 8:00:00 PM,31.617
11/07/13 10:00:00 PM,32.218
11/08/13 12:00:00 AM,31.415
11/08/13 2:00:00 AM,30.808
11/08/13 4:00:00 AM,32.418
11/08/13 6:00:00 AM,31.415
11/08/13 8:00:00 AM,30.198
11/08/13 10:00:00 AM,29.586
11/08/13 12:00:00 PM,31.213
11/08/13 2:00:00 PM,34.198
11/08/13 4:00:00 PM,35.758
11/08/13 6:00:00 PM,30.808
11/08/13 8:00:00 PM,29.586
11/08/13 10:00:00 PM,28.139
11/09/13 12:00:00 AM,29.379
11/09/13 2:00:00 AM,29.379
11/09/13 4:00:00 AM,28.346
11/09/13 6:00:00 AM,28.555
11/09/13 8:00:00 AM,28.969
11/09/13 10:00:00 AM,29.379
11/09/13 12:00:00 PM,32.218
11/09/13 2:00:00 PM,39.196
11/09/13 4:00:00 PM,39.007
11/09/13 6:00:00 PM,34.394
11/09/13 8:00:00 PM,33.213
11/09/13 10:00:00 PM,32.418
11/10/13 12:00:00 AM,31.617
11/10/13 2:00:00 AM,31.415
11/10/13 4:00:00 AM,31.415
11/10/13 6:00:00 AM,31.012
11/10/13 8:00:00 AM,30.808
11/10/13 10:00:00 AM,33.607
11/10/13 12:00:00 PM,35.175
11/10/13 2:00:00 PM,39.573
11/10/13 4:00:00 PM,41.254
11/10/13 6:00:00 PM,33.411
11/10/13 8:00:00 PM,33.013
11/10/13 10:00:00 PM,31.617
11/11/13 12:00:00 AM,30.403
11/11/13 2:00:00 AM,29.586
11/11/13 4:00:00 AM,29.174
11/11/13 6:00:00 AM,29.379
11/11/13 8:00:00 AM,29.174
11/11/13 10:00:00 AM,30.403
11/11/13 12:00:00 PM,33.013
11/11/13 2:00:00 PM,39.573
11/11/13 4:00:00 PM,40.134
11/11/13 6:00:00 PM,32.218
11/11/13 8:00:00 PM,32.018
11/11/13 10:00:00 PM,31.012
11/12/13 12:00:00 AM,30.403
11/12/13 2:00:00 AM,20.984
11/12/13 4:00:00 AM,21.659
11/12/13 6:00:00 AM,26.881
11/12/13 8:00:00 AM,28.969
11/12/13 10:00:00 AM,31.816
11/12/13 12:00:00 PM,34.786
11/12/13 2:00:00 PM,42.179
11/12/13 4:00:00 PM,41.81
11/12/13 6:00:00 PM,34.198
11/12/13 8:00:00 PM,33.607
11/12/13 10:00:00 PM,34.002
11/13/13 12:00:00 AM,33.805
11/13/13 2:00:00 AM,34.002
11/13/13 4:00:00 AM,31.617
11/13/13 6:00:00 AM,30.607
11/13/13 8:00:00 AM,29.586
11/13/13 10:00:00 AM,31.415
11/13/13 12:00:00 PM,34.981
11/13/13 2:00:00 PM,37.107
11/13/13 4:00:00 PM,35.175
11/13/13 6:00:00 PM,33.411
11/13/13 8:00:00 PM,33.411
11/13/13 10:00:00 PM,31.415
11/14/13 12:00:00 AM,29.174
11/14/13 2:00:00 AM,26.668
11/14/13 4:00:00 AM,24.96
11/14/13 6:00:00 AM,24.093
11/14/13 8:00:00 AM,22.552
11/14/13 10:00:00 AM,22.107
11/14/13 12:00:00 PM,24.526
11/14/13 2:00:00 PM,31.415
11/14/13 4:00:00 PM,32.617
11/14/13 6:00:00 PM,26.881
11/14/13 8:00:00 PM,26.458
11/14/13 10:00:00 PM,26.668
11/15/13 12:00:00 AM,27.091
11/15/13 2:00:00 AM,27.511
11/15/13 4:00:00 AM,25.819
11/15/13 6:00:00 AM,23.655
11/15/13 8:00:00 AM,23.875
11/15/13 10:00:00 AM,24.31
11/15/13 12:00:00 PM,27.302
11/15/13 2:00:00 PM,30.607
11/15/13 4:00:00 PM,30.808
11/15/13 6:00:00 PM,25.174
11/15/13 8:00:00 PM,24.31
11/15/13 10:00:00 PM,21.434
11/16/13 12:00:00 AM,19.843
11/16/13 2:00:00 AM,17.983
11/16/13 4:00:00 AM,17.035
11/16/13 6:00:00 AM,17.035
11/16/13 8:00:00 AM,17.983
11/16/13 10:00:00 AM,20.529
11/16/13 12:00:00 PM,24.093
11/16/13 2:00:00 PM,22.107
11/16/13 4:00:00 PM,20.984
11/16/13 6:00:00 PM,19.843
11/16/13 8:00:00 PM,19.382
11/16/13 10:00:00 PM,16.795
11/17/13 12:00:00 AM,15.102
11/17/13 2:00:00 AM,14.362
11/17/13 4:00:00 AM,14.855
11/17/13 6:00:00 AM,12.096
11/17/13 8:00:00 AM,11.84
11/17/13 10:00:00 AM,14.113
11/17/13 12:00:00 PM,17.748
11/17/13 2:00:00 PM,20.757
11/17/13 4:00:00 PM,20.984
11/17/13 6:00:00 PM,20.529
11/17/13 8:00:00 PM,21.209
11/17/13 10:00:00 PM,21.209
11/18/13 12:00:00 AM,20.984
11/18/13 2:00:00 AM,20.984
11/18/13 4:00:00 AM,20.302
11/18/13 6:00:00 AM,20.757
11/18/13 8:00:00 AM,19.612
11/18/13 10:00:00 AM,21.659
11/18/13 12:00:00 PM,27.721
11/18/13 2:00:00 PM,33.607
11/18/13 4:00:00 PM,33.411
11/18/13 6:00:00 PM,33.013
11/18/13 8:00:00 PM,32.418
11/18/13 10:00:00 PM,30.198
11/19/13 12:00:00 AM,32.617
11/19/13 2:00:00 AM,31.617
11/19/13 4:00:00 AM,28.969
11/19/13 6:00:00 AM,26.031
11/19/13 8:00:00 AM,27.302
11/19/13 10:00:00 AM,26.458
11/19/13 12:00:00 PM,27.511
11/19/13 2:00:00 PM,28.555
11/19/13 4:00:00 PM,28.346
11/19/13 6:00:00 PM,26.458
11/19/13 8:00:00 PM,25.819
11/19/13 10:00:00 PM,25.39
11/20/13 12:00:00 AM,24.744
11/20/13 2:00:00 AM,24.093
11/20/13 4:00:00 AM,23.436
11/20/13 6:00:00 AM,22.107
11/20/13 8:00:00 AM,21.884
11/20/13 10:00:00 AM,23.655
11/20/13 12:00:00 PM,24.526
11/20/13 2:00:00 PM,29.379
11/20/13 4:00:00 PM,31.816
11/20/13 6:00:00 PM,25.605
11/20/13 8:00:00 PM,24.526
11/20/13 10:00:00 PM,24.744
11/21/13 12:00:00 AM,22.995
11/21/13 2:00:00 AM,20.073
11/21/13 4:00:00 AM,18.919
11/21/13 6:00:00 AM,20.073
11/21/13 8:00:00 AM,24.526
11/21/13 10:00:00 AM,25.819
11/21/13 12:00:00 PM,28.139
11/21/13 2:00:00 PM,28.555
11/21/13 4:00:00 PM,25.174
11/21/13 6:00:00 PM,23.655
11/21/13 8:00:00 PM,10.54
11/21/13 10:00:00 PM,7.038
11/22/13 12:00:00 AM,6.759
11/22/13 2:00:00 AM,7.864
11/22/13 4:00:00 AM,9.484
11/22/13 6:00:00 AM,11.064
11/22/13 8:00:00 AM,10.803
11/22/13 10:00:00 AM,17.748
11/22/13 12:00:00 PM,24.744
11/22/13 2:00:00 PM,24.744
11/22/13 4:00:00 PM,21.209
11/22/13 6:00:00 PM,16.795
11/22/13 8:00:00 PM,14.608
11/22/13 10:00:00 PM,14.362
11/23/13 12:00:00 AM,12.607
11/23/13 2:00:00 AM,13.113
11/23/13 4:00:00 AM,13.365
11/23/13 6:00:00 AM,13.113
11/23/13 8:00:00 AM,13.365
11/23/13 10:00:00 AM,16.795
11/23/13 12:00:00 PM,17.983
11/23/13 2:00:00 PM,20.073
11/23/13 4:00:00 PM,22.995
11/23/13 6:00:00 PM,20.302
11/23/13 8:00:00 PM,19.612
11/23/13 10:00:00 PM,20.302
11/24/13 12:00:00 AM,25.174
11/24/13 2:00:00 AM,25.39
11/24/13 4:00:00 AM,22.552
11/24/13 6:00:00 AM,26.031
11/24/13 8:00:00 AM,26.031
11/24/13 10:00:00 AM,26.668
11/24/13 12:00:00 PM,31.213
11/24/13 2:00:00 PM,30.198
11/24/13 4:00:00 PM,27.721
11/24/13 6:00:00 PM,25.39
11/24/13 8:00:00 PM,24.96
11/24/13 10:00:00 PM,22.107
11/25/13 12:00:00 AM,21.659
11/25/13 2:00:00 AM,19.843
11/25/13 4:00:00 AM,15.346
11/25/13 6:00:00 AM,19.152
11/25/13 8:00:00 AM,18.685
11/25/13 10:00:00 AM,19.152
11/25/13 12:00:00 PM,22.107
11/25/13 2:00:00 PM,22.775
11/25/13 4:00:00 PM,23.875
11/25/13 6:00:00 PM,19.612
11/25/13 8:00:00 PM,18.919
11/25/13 10:00:00 PM,16.795
11/26/13 12:00:00 AM,16.075
11/26/13 2:00:00 AM,16.075
11/26/13 4:00:00 AM,17.272
11/26/13 6:00:00 AM,16.556
11/26/13 8:00:00 AM,15.346
11/26/13 10:00:00 AM,15.832
11/26/13 12:00:00 PM,18.685
11/26/13 2:00:00 PM,23.655
11/26/13 4:00:00 PM,26.458
11/26/13 6:00:00 PM,19.612
11/26/13 8:00:00 PM,18.919
11/26/13 10:00:00 PM,19.382
11/27/13 12:00:00 AM,18.919
11/27/13 2:00:00 AM,20.073
11/27/13 4:00:00 AM,20.984
11/27/13 6:00:00 AM,21.434
11/27/13 8:00:00 AM,23.436
11/27/13 10:00:00 AM,26.668
11/27/13 12:00:00 PM,29.586
11/27/13 2:00:00 PM,31.617
11/27/13 4:00:00 PM,31.213
11/27/13 6:00:00 PM,27.302
11/27/13 8:00:00 PM,28.346
11/27/13 10:00:00 PM,24.96
11/28/13 12:00:00 AM,22.552
11/28/13 2:00:00 AM,21.659
11/28/13 4:00:00 AM,26.031
11/28/13 6:00:00 AM,24.093
11/28/13 8:00:00 AM,25.819
11/28/13 10:00:00 AM,27.091
11/28/13 12:00:00 PM,32.617
11/28/13 2:00:00 PM,34.786
11/28/13 4:00:00 PM,38.629
11/28/13 6:00:00 PM,28.139
11/28/13 8:00:00 PM,26.458
11/28/13 10:00:00 PM,28.346
11/29/13 12:00:00 AM,28.555
11/29/13 2:00:00 AM,27.93
11/29/13 4:00:00 AM,28.762
11/29/13 6:00:00 AM,26.668
11/29/13 8:00:00 AM,25.174
11/29/13 10:00:00 AM,24.744
11/29/13 12:00:00 PM,25.39
11/29/13 2:00:00 PM,27.302
11/29/13 4:00:00 PM,29.379
11/29/13 6:00:00 PM,25.174
11/29/13 8:00:00 PM,24.093
11/29/13 10:00:00 PM,23.216
11/30/13 12:00:00 AM,22.107
11/30/13 2:00:00 AM,21.884
11/30/13 4:00:00 AM,20.984
11/30/13 6:00:00 AM,20.529
11/30/13 8:00:00 AM,19.843
11/30/13 10:00:00 AM,22.33
11/30/13 12:00:00 PM,22.33
11/30/13 2:00:00 PM,24.744
11/30/13 4:00:00 PM,29.379
11/30/13 6:00:00 PM,22.552
11/30/13 8:00:00 PM,24.744
11/30/13 10:00:00 PM,22.775
12/01/13 12:00:00 AM,22.552
12/01/13 2:00:00 AM,20.073
12/01/13 4:00:00 AM,19.843
12/01/13 6:00:00 AM,19.612
12/01/13 8:00:00 AM,18.685
12/01/13 10:00:00 AM,19.843
12/01/13 12:00:00 PM,21.209
12/01/13 2:00:00 PM,22.33
12/01/13 4:00:00 PM,21.209
12/01/13 6:00:00 PM,22.995
12/01/13 8:00:00 PM,22.552
12/01/13 10:00:00 PM,21.659
12/02/13 12:00:00 AM,22.775
12/02/13 2:00:00 AM,22.775
12/02/13 4:00:00 AM,22.775
12/02/13 6:00:00 AM,22.995
12/02/13 8:00:00 AM,22.552
12/02/13 10:00:00 AM,24.96
12/02/13 12:00:00 PM,24.526
12/02/13 2:00:00 PM,23.436
12/02/13 4:00:00 PM,22.995
12/02/13 6:00:00 PM,21.884
12/02/13 8:00:00 PM,21.434
12/02/13 10:00:00 PM,21.434
12/03/13 12:00:00 AM,21.209
12/03/13 2:00:00 AM,20.984
12/03/13 4:00:00 AM,21.659
12/03/13 6:00:00 AM,21.434
12/03/13 8:00:00 AM,21.884
12/03/13 10:00:00 AM,21.884
12/03/13 12:00:00 PM,22.33
12/03/13 2:00:00 PM,22.995
12/03/13 4:00:00 PM,24.744
12/03/13 6:00:00 PM,22.552
12/03/13 8:00:00 PM,20.073
12/03/13 10:00:00 PM,20.529
12/04/13 12:00:00 AM,17.035
12/04/13 2:00:00 AM,-1.293
12/04/13 4:00:00 AM,-5.982
12/04/13 6:00:00 AM,-7.766
12/04/13 8:00:00 AM,1.215
12/04/13 10:00:00 AM,5.918
12/04/13 12:00:00 PM,7.588
12/04/13 2:00:00 PM,1.823
12/04/13 4:00:00 PM,0.288
12/04/13 6:00:00 PM,-2.263
12/04/13 8:00:00 PM,-5.285
12/04/13 10:00:00 PM,-7.766
12/05/13 12:00:00 AM,-8.496
12/05/13 2:00:00 AM,-7.766
12/05/13 4:00:00 AM,-6.687
12/05/13 6:00:00 AM,-6.335
12/05/13 8:00:00 AM,-5.982
12/05/13 10:00:00 AM,-2.591
12/05/13 12:00:00 PM,0.288
12/05/13 2:00:00 PM,-0.339
12/05/13 4:00:00 PM,-1.937
12/05/13 6:00:00 PM,-4.259
12/05/13 8:00:00 PM,-4.941
12/05/13 10:00:00 PM,-4.941
12/06/13 12:00:00 AM,-5.982
12/06/13 2:00:00 AM,-5.285
12/06/13 4:00:00 AM,-5.633
12/06/13 6:00:00 AM,-5.982
12/06/13 8:00:00 AM,-6.335
12/06/13 10:00:00 AM,-5.633
12/06/13 12:00:00 PM,-3.921
12/06/13 2:00:00 PM,-3.251
12/06/13 4:00:00 PM,-3.586
12/06/13 6:00:00 PM,-3.921
12/06/13 8:00:00 PM,-3.921
12/06/13 10:00:00 PM,-3.251
12/07/13 12:00:00 AM,-1.937
12/07/13 2:00:00 AM,0.907
12/07/13 4:00:00 AM,2.426
12/07/13 6:00:00 AM,2.125
12/07/13 8:00:00 AM,3.024
12/07/13 10:00:00 AM,5.349
12/07/13 12:00:00 PM,8.136
12/07/13 2:00:00 PM,12.859
12/07/13 4:00:00 PM,9.484
12/07/13 6:00:00 PM,5.634
12/07/13 8:00:00 PM,4.777
12/07/13 10:00:00 PM,4.487
12/08/13 12:00:00 AM,4.487
12/08/13 2:00:00 AM,3.906
12/08/13 4:00:00 AM,3.024
12/08/13 6:00:00 AM,3.024
12/08/13 8:00:00 AM,2.725
12/08/13 10:00:00 AM,0.907
12/08/13 12:00:00 PM,0.597
12/08/13 2:00:00 PM,-1.937
12/08/13 4:00:00 PM,-3.586
12/08/13 6:00:00 PM,-4.599
12/08/13 8:00:00 PM,-5.982
12/08/13 10:00:00 PM,-6.335
12/09/13 12:00:00 AM,-6.687
12/09/13 2:00:00 AM,-7.404
12/09/13 4:00:00 AM,-8.867
12/09/13 6:00:00 AM,-10.759
12/09/13 8:00:00 AM,-13.538
12/09/13 10:00:00 AM,-12.327
12/09/13 12:00:00 PM,-11.537
12/09/13 2:00:00 PM,-9.992
12/09/13 4:00:00 PM,-9.24
12/09/13 6:00:00 PM,-9.992
12/09/13 8:00:00 PM,-6.335
12/09/13 10:00:00 PM,-5.982
12/10/13 12:00:00 AM,-2.591
12/10/13 2:00:00 AM,-0.656
12/10/13 4:00:00 AM,3.319
12/10/13 6:00:00 AM,5.349
12/10/13 8:00:00 AM,8.947
12/10/13 10:00:00 AM,10.54
12/10/13 12:00:00 PM,11.064
12/10/13 2:00:00 PM,11.064
12/10/13 4:00:00 PM,9.484
12/10/13 6:00:00 PM,8.679
12/10/13 8:00:00 PM,8.947
12/10/13 10:00:00 PM,8.947
12/11/13 12:00:00 AM,8.136
12/11/13 2:00:00 AM,7.588
12/11/13 4:00:00 AM,7.038
12/11/13 6:00:00 AM,7.313
12/11/13 8:00:00 AM,7.864
12/11/13 10:00:00 AM,8.947
12/11/13 12:00:00 PM,11.323
12/11/13 2:00:00 PM,14.113
12/11/13 4:00:00 PM,16.556
12/11/13 6:00:00 PM,15.589
12/11/13 8:00:00 PM,17.748
12/11/13 10:00:00 PM,21.209
12/12/13 12:00:00 AM,23.216
12/12/13 2:00:00 AM,24.526
12/12/13 4:00:00 AM,25.39
12/12/13 6:00:00 AM,21.884
12/12/13 8:00:00 AM,22.775
12/12/13 10:00:00 AM,27.302
12/12/13 12:00:00 PM,28.555
12/12/13 2:00:00 PM,29.79
12/12/13 4:00:00 PM,30.403
12/12/13 6:00:00 PM,26.881
12/12/13 8:00:00 PM,26.031
12/12/13 10:00:00 PM,24.96
12/13/13 12:00:00 AM,24.744
12/13/13 2:00:00 AM,22.995
12/13/13 4:00:00 AM,21.884
12/13/13 6:00:00 AM,20.529
12/13/13 8:00:00 AM,19.382
12/13/13 10:00:00 AM,19.612
12/13/13 12:00:00 PM,20.073
12/13/13 2:00:00 PM,21.434
12/13/13 4:00:00 PM,18.685
12/13/13 6:00:00 PM,14.855
12/13/13 8:00:00 PM,13.615
12/13/13 10:00:00 PM,11.064
12/14/13 12:00:00 AM,10.54
12/14/13 2:00:00 AM,9.484
12/14/13 4:00:00 AM,8.407
12/14/13 6:00:00 AM,7.864
12/14/13 8:00:00 AM,7.588
12/14/13 10:00:00 AM,8.136
12/14/13 12:00:00 PM,10.54
12/14/13 2:00:00 PM,11.84
12/14/13 4:00:00 PM,13.113
12/14/13 6:00:00 PM,11.581
12/14/13 8:00:00 PM,11.84
12/14/13 10:00:00 PM,13.865
12/15/13 12:00:00 AM,14.113
12/15/13 2:00:00 AM,14.113
12/15/13 4:00:00 AM,14.113
12/15/13 6:00:00 AM,14.608
12/15/13 8:00:00 AM,15.589
12/15/13 10:00:00 AM,16.795
12/15/13 12:00:00 PM,17.748
12/15/13 2:00:00 PM,20.302
12/15/13 4:00:00 PM,21.884
12/15/13 6:00:00 PM,22.107
12/15/13 8:00:00 PM,22.775
12/15/13 10:00:00 PM,22.107
12/16/13 12:00:00 AM,23.216
12/16/13 2:00:00 AM,24.093
12/16/13 4:00:00 AM,23.655
12/16/13 6:00:00 AM,23.875
12/16/13 8:00:00 AM,23.216
12/16/13 10:00:00 AM,24.093
12/16/13 12:00:00 PM,25.819
12/16/13 2:00:00 PM,26.458
12/16/13 4:00:00 PM,26.881
12/16/13 6:00:00 PM,25.605
12/16/13 8:00:00 PM,24.96
12/16/13 10:00:00 PM,25.819
12/17/13 12:00:00 AM,24.96
12/17/13 2:00:00 AM,24.093
12/17/13 4:00:00 AM,24.744
12/17/13 6:00:00 AM,23.216
12/17/13 8:00:00 AM,22.107
12/17/13 10:00:00 AM,23.436
12/17/13 12:00:00 PM,25.605
12/17/13 2:00:00 PM,28.555
12/17/13 4:00:00 PM,29.174
12/17/13 6:00:00 PM,27.721
12/17/13 8:00:00 PM,29.174
12/17/13 10:00:00 PM,28.555
12/18/13 12:00:00 AM,31.012
12/18/13 2:00:00 AM,32.018
12/18/13 4:00:00 AM,31.012
12/18/13 6:00:00 AM,30.808
12/18/13 8:00:00 AM,30.607
12/18/13 10:00:00 AM,31.012
12/18/13 12:00:00 PM,31.415
12/18/13 2:00:00 PM,32.815
12/18/13 4:00:00 PM,32.418
12/18/13 6:00:00 PM,30.198
12/18/13 8:00:00 PM,29.995
12/18/13 10:00:00 PM,28.969
12/19/13 12:00:00 AM,27.091
12/19/13 2:00:00 AM,29.174
12/19/13 4:00:00 AM,29.79
12/19/13 6:00:00 AM,24.96
12/19/13 8:00:00 AM,28.969
12/19/13 10:00:00 AM,29.174
12/19/13 12:00:00 PM,29.586
12/19/13 2:00:00 PM,29.379
12/19/13 4:00:00 PM,27.93
12/19/13 6:00:00 PM,24.31
12/19/13 8:00:00 PM,22.995
12/19/13 10:00:00 PM,20.757
12/20/13 12:00:00 AM,19.612
12/20/13 2:00:00 AM,19.382
12/20/13 4:00:00 AM,17.983
12/20/13 6:00:00 AM,17.983
12/20/13 8:00:00 AM,17.51
12/20/13 10:00:00 AM,17.748
12/20/13 12:00:00 PM,18.451
12/20/13 2:00:00 PM,18.217
12/20/13 4:00:00 PM,17.035
12/20/13 6:00:00 PM,13.865
12/20/13 8:00:00 PM,12.351
12/20/13 10:00:00 PM,11.064
12/21/13 12:00:00 AM,11.064
12/21/13 2:00:00 AM,10.278
12/21/13 4:00:00 AM,10.803
12/21/13 6:00:00 AM,10.015
12/21/13 8:00:00 AM,12.096
12/21/13 10:00:00 AM,13.365
12/21/13 12:00:00 PM,12.859
12/21/13 2:00:00 PM,13.865
12/21/13 4:00:00 PM,12.351
12/21/13 6:00:00 PM,7.588
12/21/13 8:00:00 PM,7.038
12/21/13 10:00:00 PM,5.634
12/22/13 12:00:00 AM,5.063
12/22/13 2:00:00 AM,5.063
12/22/13 4:00:00 AM,4.777
12/22/13 6:00:00 AM,3.614
12/22/13 8:00:00 AM,3.319
12/22/13 10:00:00 AM,5.634
12/22/13 12:00:00 PM,7.864
12/22/13 2:00:00 PM,7.313
12/22/13 4:00:00 PM,7.864
12/22/13 6:00:00 PM,8.407
12/22/13 8:00:00 PM,8.679
12/22/13 10:00:00 PM,8.947
12/23/13 12:00:00 AM,9.216
12/23/13 2:00:00 AM,8.947
12/23/13 4:00:00 AM,9.484
12/23/13 6:00:00 AM,9.75
12/23/13 8:00:00 AM,10.278
12/23/13 10:00:00 AM,11.84
12/23/13 12:00:00 PM,13.615
12/23/13 2:00:00 PM,15.102
12/23/13 4:00:00 PM,15.346
12/23/13 6:00:00 PM,15.102
12/23/13 8:00:00 PM,16.795
12/23/13 10:00:00 PM,17.035
12/24/13 12:00:00 AM,17.272
12/24/13 2:00:00 AM,17.272
12/24/13 4:00:00 AM,19.612
12/24/13 6:00:00 AM,19.843
12/24/13 8:00:00 AM,19.152
12/24/13 10:00:00 AM,20.302
12/24/13 12:00:00 PM,19.843
12/24/13 2:00:00 PM,13.113
12/24/13 4:00:00 PM,10.54
12/24/13 6:00:00 PM,9.75
12/24/13 8:00:00 PM,6.759
12/24/13 10:00:00 PM,5.349
12/25/13 12:00:00 AM,4.777
12/25/13 2:00:00 AM,6.199
12/25/13 4:00:00 AM,6.759
12/25/13 6:00:00 AM,4.487
12/25/13 8:00:00 AM,4.487
12/25/13 10:00:00 AM,6.48
12/25/13 12:00:00 PM,8.407
12/25/13 2:00:00 PM,11.581
12/25/13 4:00:00 PM,13.615
12/25/13 6:00:00 PM,12.859
12/25/13 8:00:00 PM,12.859
12/25/13 10:00:00 PM,12.351
12/26/13 12:00:00 AM,15.346
12/26/13 2:00:00 AM,15.589
12/26/13 4:00:00 AM,17.983
12/26/13 6:00:00 AM,15.832
12/26/13 8:00:00 AM,15.832
12/26/13 10:00:00 AM,17.035
12/26/13 12:00:00 PM,19.382
12/26/13 2:00:00 PM,20.984
12/26/13 4:00:00 PM,19.843
12/26/13 6:00:00 PM,17.983
12/26/13 8:00:00 PM,17.748
12/26/13 10:00:00 PM,18.217
12/27/13 12:00:00 AM,20.073
12/27/13 2:00:00 AM,19.612
12/27/13 4:00:00 AM,21.884
12/27/13 6:00:00 AM,22.107
12/27/13 8:00:00 AM,23.875
12/27/13 10:00:00 AM,27.091
12/27/13 12:00:00 PM,28.555
12/27/13 2:00:00 PM,32.018
12/27/13 4:00:00 PM,31.213
12/27/13 6:00:00 PM,27.511
12/27/13 8:00:00 PM,27.302
12/27/13 10:00:00 PM,27.721
12/28/13 12:00:00 AM,27.302
12/28/13 2:00:00 AM,26.881
12/28/13 4:00:00 AM,27.302
12/28/13 6:00:00 AM,25.39
12/28/13 8:00:00 AM,25.39
12/28/13 10:00:00 AM,25.39
12/28/13 12:00:00 PM,27.091
12/28/13 2:00:00 PM,25.174
12/28/13 4:00:00 PM,25.605
12/28/13 6:00:00 PM,18.217
12/28/13 8:00:00 PM,15.832
12/28/13 10:00:00 PM,12.351
12/29/13 12:00:00 AM,8.947
12/29/13 2:00:00 AM,8.947
12/29/13 4:00:00 AM,8.407
12/29/13 6:00:00 AM,7.864
12/29/13 8:00:00 AM,7.038
12/29/13 10:00:00 AM,6.199
12/29/13 12:00:00 PM,7.038
12/29/13 2:00:00 PM,10.278
12/29/13 4:00:00 PM,10.54
12/29/13 6:00:00 PM,9.216
12/29/13 8:00:00 PM,12.607
12/29/13 10:00:00 PM,11.581
12/30/13 12:00:00 AM,11.064
12/30/13 2:00:00 AM,8.947
12/30/13 4:00:00 AM,9.216
12/30/13 6:00:00 AM,9.75
12/30/13 8:00:00 AM,9.216
12/30/13 10:00:00 AM,11.064
12/30/13 12:00:00 PM,12.351
12/30/13 2:00:00 PM,13.365
12/30/13 4:00:00 PM,14.362
12/30/13 6:00:00 PM,13.865
12/30/13 8:00:00 PM,15.346
12/30/13 10:00:00 PM,17.035
12/31/13 12:00:00 AM,17.748
12/31/13 2:00:00 AM,19.382
12/31/13 4:00:00 AM,19.612
12/31/13 6:00:00 AM,18.217
12/31/13 8:00:00 AM,18.217
12/31/13 10:00:00 AM,19.382
12/31/13 12:00:00 PM,21.434
12/31/13 2:00:00 PM,21.434
12/31/13 4:00:00 PM,21.659
12/31/13 6:00:00 PM,20.757
12/31/13 8:00:00 PM,20.302
12/31/13 10:00:00 PM,20.073
01/01/14 12:00:00 AM,20.073
01/01/14 2:00:00 AM,18.919
01/01/14 4:00:00 AM,17.983
01/01/14 6:00:00 AM,16.556
01/01/14 8:00:00 AM,14.362
01/01/14 10:00:00 AM,11.84
01/01/14 12:00:00 PM,13.113
01/01/14 2:00:00 PM,12.859
01/01/14 4:00:00 PM,11.323
01/01/14 6:00:00 PM,9.75
01/01/14 8:00:00 PM,8.407
01/01/14 10:00:00 PM,8.947
01/02/14 12:00:00 AM,9.484
01/02/14 2:00:00 AM,10.278
01/02/14 4:00:00 AM,11.064
01/02/14 6:00:00 AM,12.351
01/02/14 8:00:00 AM,13.615
01/02/14 10:00:00 AM,14.608
01/02/14 12:00:00 PM,18.451
01/02/14 2:00:00 PM,21.659
01/02/14 4:00:00 PM,22.552
01/02/14 6:00:00 PM,22.107
01/02/14 8:00:00 PM,22.995
01/02/14 10:00:00 PM,22.33
01/03/14 12:00:00 AM,22.33
01/03/14 2:00:00 AM,21.884
01/03/14 4:00:00 AM,21.209
01/03/14 6:00:00 AM,23.216
01/03/14 8:00:00 AM,22.552
01/03/14 10:00:00 AM,23.216
01/03/14 12:00:00 PM,24.526
01/03/14 2:00:00 PM,25.819
01/03/14 4:00:00 PM,26.245
01/03/14 6:00:00 PM,22.995
01/03/14 8:00:00 PM,22.552
01/03/14 10:00:00 PM,20.984
01/04/14 12:00:00 AM,20.302
01/04/14 2:00:00 AM,19.382
01/04/14 4:00:00 AM,18.451
01/04/14 6:00:00 AM,8.136
01/04/14 8:00:00 AM,9.484
01/04/14 10:00:00 AM,9.216
01/04/14 12:00:00 PM,8.947
01/04/14 2:00:00 PM,2.725
01/04/14 4:00:00 PM,0.597
01/04/14 6:00:00 PM,-0.656
01/04/14 8:00:00 PM,-0.972
01/04/14 10:00:00 PM,-2.263
01/05/14 12:00:00 AM,-3.251
01/05/14 2:00:00 AM,-3.251
01/05/14 4:00:00 AM,-4.259
01/05/14 6:00:00 AM,-4.941
01/05/14 8:00:00 AM,-5.285
01/05/14 10:00:00 AM,-3.921
01/05/14 12:00:00 PM,-3.921
01/05/14 2:00:00 PM,-4.941
01/05/14 4:00:00 PM,-6.335
01/05/14 6:00:00 PM,-7.404
01/05/14 8:00:00 PM,-7.044
01/05/14 10:00:00 PM,-7.404
01/06/14 12:00:00 AM,-7.766
01/06/14 2:00:00 AM,-6.687
01/06/14 4:00:00 AM,-5.633
01/06/14 6:00:00 AM,-4.599
01/06/14 8:00:00 AM,-3.586
01/06/14 10:00:00 AM,-1.615
01/06/14 12:00:00 PM,1.823
01/06/14 2:00:00 PM,7.038
01/06/14 4:00:00 PM,10.015
01/06/14 6:00:00 PM,9.75
01/06/14 8:00:00 PM,10.278
01/06/14 10:00:00 PM,10.278
01/07/14 12:00:00 AM,10.803
01/07/14 2:00:00 AM,13.113
01/07/14 4:00:00 AM,14.608
01/07/14 6:00:00 AM,15.832
01/07/14 8:00:00 AM,18.919
01/07/14 10:00:00 AM,21.209
01/07/14 12:00:00 PM,22.775
01/07/14 2:00:00 PM,24.093
01/07/14 4:00:00 PM,22.33
01/07/14 6:00:00 PM,16.556
01/07/14 8:00:00 PM,16.795
01/07/14 10:00:00 PM,16.075
01/08/14 12:00:00 AM,16.075
01/08/14 2:00:00 AM,14.362
01/08/14 4:00:00 AM,13.615
01/08/14 6:00:00 AM,13.113
01/08/14 8:00:00 AM,12.859
01/08/14 10:00:00 AM,14.113
01/08/14 12:00:00 PM,14.855
01/08/14 2:00:00 PM,16.556
01/08/14 4:00:00 PM,18.919
01/08/14 6:00:00 PM,15.832
01/08/14 8:00:00 PM,15.832
01/08/14 10:00:00 PM,16.317
01/09/14 12:00:00 AM,15.832
01/09/14 2:00:00 AM,15.102
01/09/14 4:00:00 AM,14.608
01/09/14 6:00:00 AM,14.362
01/09/14 8:00:00 AM,13.865
01/09/14 10:00:00 AM,12.607
01/09/14 12:00:00 PM,14.608
01/09/14 2:00:00 PM,16.556
01/09/14 4:00:00 PM,16.795
01/09/14 6:00:00 PM,15.346
01/09/14 8:00:00 PM,14.855
01/09/14 10:00:00 PM,14.608
01/10/14 12:00:00 AM,9.75
01/10/14 2:00:00 AM,3.614
01/10/14 4:00:00 AM,3.319
01/10/14 6:00:00 AM,2.426
01/10/14 8:00:00 AM,2.426
01/10/14 10:00:00 AM,5.349
01/10/14 12:00:00 PM,6.759
01/10/14 2:00:00 PM,9.75
01/10/14 4:00:00 PM,10.54
01/10/14 6:00:00 PM,10.278
01/10/14 8:00:00 PM,11.323
01/10/14 10:00:00 PM,11.84
01/11/14 12:00:00 AM,12.096
01/11/14 2:00:00 AM,13.113
01/11/14 4:00:00 AM,14.113
01/11/14 6:00:00 AM,15.589
01/11/14 8:00:00 AM,16.795
01/11/14 10:00:00 AM,18.919
01/11/14 12:00:00 PM,19.152
01/11/14 2:00:00 PM,23.875
01/11/14 4:00:00 PM,24.31
01/11/14 6:00:00 PM,24.744
01/11/14 8:00:00 PM,22.995
01/11/14 10:00:00 PM,22.775
01/12/14 12:00:00 AM,22.775
01/12/14 2:00:00 AM,24.526
01/12/14 4:00:00 AM,22.995
01/12/14 6:00:00 AM,22.107
01/12/14 8:00:00 AM,20.073
01/12/14 10:00:00 AM,12.859
01/12/14 12:00:00 PM,12.607
01/12/14 2:00:00 PM,9.484
01/12/14 4:00:00 PM,7.038
01/12/14 6:00:00 PM,5.634
01/12/14 8:00:00 PM,5.063
01/12/14 10:00:00 PM,4.777
01/13/14 12:00:00 AM,4.487
01/13/14 2:00:00 AM,4.487
01/13/14 4:00:00 AM,5.349
01/13/14 6:00:00 AM,6.199
01/13/14 8:00:00 AM,7.038
01/13/14 10:00:00 AM,9.216
01/13/14 12:00:00 PM,11.323
01/13/14 2:00:00 PM,12.859
01/13/14 4:00:00 PM,13.365
01/13/14 6:00:00 PM,14.113
01/13/14 8:00:00 PM,13.865
01/13/14 10:00:00 PM,13.865
01/14/14 12:00:00 AM,13.365
01/14/14 2:00:00 AM,13.113
01/14/14 4:00:00 AM,12.859
01/14/14 6:00:00 AM,12.096
01/14/14 8:00:00 AM,11.323
01/14/14 10:00:00 AM,12.096
01/14/14 12:00:00 PM,13.365
01/14/14 2:00:00 PM,13.615
01/14/14 4:00:00 PM,12.859
01/14/14 6:00:00 PM,12.607
01/14/14 8:00:00 PM,13.365
01/14/14 10:00:00 PM,13.615
01/15/14 12:00:00 AM,13.365
01/15/14 2:00:00 AM,13.615
01/15/14 4:00:00 AM,13.615
01/15/14 6:00:00 AM,14.362
01/15/14 8:00:00 AM,13.865
01/15/14 10:00:00 AM,14.608
01/15/14 12:00:00 PM,15.346
01/15/14 2:00:00 PM,17.748
01/15/14 4:00:00 PM,17.983
01/15/14 6:00:00 PM,15.589
01/15/14 8:00:00 PM,15.346
01/15/14 10:00:00 PM,14.362
01/16/14 12:00:00 AM,14.608
01/16/14 2:00:00 AM,13.615
01/16/14 4:00:00 AM,12.096
01/16/14 6:00:00 AM,12.096
01/16/14 8:00:00 AM,11.323
01/16/14 10:00:00 AM,11.84
01/16/14 12:00:00 PM,13.365
01/16/14 2:00:00 PM,17.035
01/16/14 4:00:00 PM,18.217
01/16/14 6:00:00 PM,13.865
01/16/14 8:00:00 PM,12.351
01/16/14 10:00:00 PM,11.323
01/17/14 12:00:00 AM,12.607
01/17/14 2:00:00 AM,13.113
01/17/14 4:00:00 AM,12.607
01/17/14 6:00:00 AM,13.113
01/17/14 8:00:00 AM,13.365
01/17/14 10:00:00 AM,13.615
01/17/14 12:00:00 PM,15.589
01/17/14 2:00:00 PM,19.382
01/17/14 4:00:00 PM,21.434
01/17/14 6:00:00 PM,20.302
01/17/14 8:00:00 PM,18.919
01/17/14 10:00:00 PM,18.451
01/18/14 12:00:00 AM,17.035
01/18/14 2:00:00 AM,16.075
01/18/14 4:00:00 AM,15.589
01/18/14 6:00:00 AM,16.556
01/18/14 8:00:00 AM,16.075
01/18/14 10:00:00 AM,18.451
01/18/14 12:00:00 PM,20.984
01/18/14 2:00:00 PM,25.819
01/18/14 4:00:00 PM,27.93
01/18/14 6:00:00 PM,21.884
01/18/14 8:00:00 PM,20.302
01/18/14 10:00:00 PM,21.884
01/19/14 12:00:00 AM,22.995
01/19/14 2:00:00 AM,24.093
01/19/14 4:00:00 AM,24.31
01/19/14 6:00:00 AM,24.744
01/19/14 8:00:00 AM,24.31
01/19/14 10:00:00 AM,23.655
01/19/14 12:00:00 PM,25.605
01/19/14 2:00:00 PM,27.721
01/19/14 4:00:00 PM,29.174
01/19/14 6:00:00 PM,25.174
01/19/14 8:00:00 PM,24.093
01/19/14 10:00:00 PM,24.526
01/20/14 12:00:00 AM,24.526
01/20/14 2:00:00 AM,22.995
01/20/14 4:00:00 AM,20.302
01/20/14 6:00:00 AM,18.451
01/20/14 8:00:00 AM,18.685
01/20/14 10:00:00 AM,18.451
01/20/14 12:00:00 PM,19.612
01/20/14 2:00:00 PM,24.093
01/20/14 4:00:00 PM,25.819
01/20/14 6:00:00 PM,18.919
01/20/14 8:00:00 PM,18.451
01/20/14 10:00:00 PM,17.983
01/21/14 12:00:00 AM,17.983
01/21/14 2:00:00 AM,19.152
01/21/14 4:00:00 AM,18.685
01/21/14 6:00:00 AM,18.919
01/21/14 8:00:00 AM,18.919
01/21/14 10:00:00 AM,20.757
01/21/14 12:00:00 PM,24.744
01/21/14 2:00:00 PM,26.458
01/21/14 4:00:00 PM,29.79
01/21/14 6:00:00 PM,26.458
01/21/14 8:00:00 PM,25.605
01/21/14 10:00:00 PM,22.107
01/22/14 12:00:00 AM,22.552
01/22/14 2:00:00 AM,21.884
01/22/14 4:00:00 AM,20.984
01/22/14 6:00:00 AM,19.382
01/22/14 8:00:00 AM,19.382
01/22/14 10:00:00 AM,19.152
01/22/14 12:00:00 PM,22.775
01/22/14 2:00:00 PM,27.091
01/22/14 4:00:00 PM,31.415
01/22/14 6:00:00 PM,14.608
01/22/14 8:00:00 PM,12.607
01/22/14 10:00:00 PM,8.947
01/23/14 12:00:00 AM,7.588
01/23/14 2:00:00 AM,5.634
01/23/14 4:00:00 AM,3.614
01/23/14 6:00:00 AM,3.614
01/23/14 8:00:00 AM,1.215
01/23/14 10:00:00 AM,2.725
01/23/14 12:00:00 PM,6.199
01/23/14 2:00:00 PM,17.272
01/23/14 4:00:00 PM,23.655
01/23/14 6:00:00 PM,12.096
01/23/14 8:00:00 PM,10.54
01/23/14 10:00:00 PM,10.54
01/24/14 12:00:00 AM,11.581
01/24/14 2:00:00 AM,12.859
01/24/14 4:00:00 AM,13.865
01/24/14 6:00:00 AM,14.362
01/24/14 8:00:00 AM,14.113
01/24/14 10:00:00 AM,15.832
01/24/14 12:00:00 PM,18.685
01/24/14 2:00:00 PM,23.216
01/24/14 4:00:00 PM,25.819
01/24/14 6:00:00 PM,21.659
01/24/14 8:00:00 PM,21.884
01/24/14 10:00:00 PM,21.209
01/25/14 12:00:00 AM,20.073
01/25/14 2:00:00 AM,20.984
01/25/14 4:00:00 AM,22.33
01/25/14 6:00:00 AM,23.436
01/25/14 8:00:00 AM,24.744
01/25/14 10:00:00 AM,24.526
01/25/14 12:00:00 PM,25.174
01/25/14 2:00:00 PM,30.808
01/25/14 4:00:00 PM,31.617
01/25/14 6:00:00 PM,26.031
01/25/14 8:00:00 PM,23.436
01/25/14 10:00:00 PM,22.33
01/26/14 12:00:00 AM,21.884
01/26/14 2:00:00 AM,20.529
01/26/14 4:00:00 AM,19.382
01/26/14 6:00:00 AM,18.919
01/26/14 8:00:00 AM,20.073
01/26/14 10:00:00 AM,18.451
01/26/14 12:00:00 PM,18.451
01/26/14 2:00:00 PM,24.526
01/26/14 4:00:00 PM,28.762
01/26/14 6:00:00 PM,20.984
01/26/14 8:00:00 PM,20.302
01/26/14 10:00:00 PM,19.382
01/27/14 12:00:00 AM,17.272
01/27/14 2:00:00 AM,15.102
01/27/14 4:00:00 AM,14.362
01/27/14 6:00:00 AM,14.362
01/27/14 8:00:00 AM,14.113
01/27/14 10:00:00 AM,13.865
01/27/14 12:00:00 PM,13.865
01/27/14 2:00:00 PM,13.365
01/27/14 4:00:00 PM,12.351
01/27/14 6:00:00 PM,7.588
01/27/14 8:00:00 PM,6.48
01/27/14 10:00:00 PM,3.906
01/28/14 12:00:00 AM,-0.339
01/28/14 2:00:00 AM,-1.293
01/28/14 4:00:00 AM,-4.941
01/28/14 6:00:00 AM,-6.335
01/28/14 8:00:00 AM,-6.687
01/28/14 10:00:00 AM,-4.941
01/28/14 12:00:00 PM,-2.263
01/28/14 2:00:00 PM,3.024
01/28/14 4:00:00 PM,6.199
01/28/14 6:00:00 PM,4.197
01/28/14 8:00:00 PM,5.063
01/28/14 10:00:00 PM,7.313
01/29/14 12:00:00 AM,9.216
01/29/14 2:00:00 AM,10.54
01/29/14 4:00:00 AM,11.581
01/29/14 6:00:00 AM,10.803
01/29/14 8:00:00 AM,11.581
01/29/14 10:00:00 AM,14.608
01/29/14 12:00:00 PM,17.748
01/29/14 2:00:00 PM,22.775
01/29/14 4:00:00 PM,22.107
01/29/14 6:00:00 PM,20.757
01/29/14 8:00:00 PM,21.209
01/29/14 10:00:00 PM,20.984
01/30/14 12:00:00 AM,23.436
01/30/14 2:00:00 AM,22.995
01/30/14 4:00:00 AM,19.382
01/30/14 6:00:00 AM,16.795
01/30/14 8:00:00 AM,14.113
01/30/14 10:00:00 AM,14.362
01/30/14 12:00:00 PM,15.346
01/30/14 2:00:00 PM,17.983
01/30/14 4:00:00 PM,18.217
01/30/14 6:00:00 PM,17.035
01/30/14 8:00:00 PM,17.035
01/30/14 10:00:00 PM,16.075
01/31/14 12:00:00 AM,15.832
01/31/14 2:00:00 AM,14.113
01/31/14 4:00:00 AM,13.615
01/31/14 6:00:00 AM,13.365
01/31/14 8:00:00 AM,12.859
01/31/14 10:00:00 AM,14.113
01/31/14 12:00:00 PM,17.272
01/31/14 2:00:00 PM,20.529
01/31/14 4:00:00 PM,17.035
01/31/14 6:00:00 PM,13.615
01/31/14 8:00:00 PM,12.096
01/31/14 10:00:00 PM,10.803
02/01/14 12:00:00 AM,8.407
02/01/14 2:00:00 AM,6.759
02/01/14 4:00:00 AM,6.199
02/01/14 6:00:00 AM,5.349
02/01/14 8:00:00 AM,4.487
02/01/14 10:00:00 AM,5.063
02/01/14 12:00:00 PM,10.015
02/01/14 2:00:00 PM,9.216
02/01/14 4:00:00 PM,8.136
02/01/14 6:00:00 PM,1.823
02/01/14 8:00:00 PM,1.215
02/01/14 10:00:00 PM,0.597
02/02/14 12:00:00 AM,0.907
02/02/14 2:00:00 AM,-0.026
02/02/14 4:00:00 AM,-0.972
02/02/14 6:00:00 AM,-1.615
02/02/14 8:00:00 AM,-1.937
02/02/14 10:00:00 AM,2.725
02/02/14 12:00:00 PM,9.75
02/02/14 2:00:00 PM,20.984
02/02/14 4:00:00 PM,23.436
02/02/14 6:00:00 PM,8.679
02/02/14 8:00:00 PM,7.588
02/02/14 10:00:00 PM,6.759
02/03/14 12:00:00 AM,6.48
02/03/14 2:00:00 AM,6.199
02/03/14 4:00:00 AM,6.48
02/03/14 6:00:00 AM,6.48
02/03/14 8:00:00 AM,6.199
02/03/14 10:00:00 AM,7.864
02/03/14 12:00:00 PM,11.323
02/03/14 2:00:00 PM,15.589
02/03/14 4:00:00 PM,14.855
02/03/14 6:00:00 PM,10.54
02/03/14 8:00:00 PM,5.063
02/03/14 10:00:00 PM,4.197
02/04/14 12:00:00 AM,3.024
02/04/14 2:00:00 AM,3.024
02/04/14 4:00:00 AM,2.125
02/04/14 6:00:00 AM,1.823
02/04/14 8:00:00 AM,2.725
02/04/14 10:00:00 AM,2.426
02/04/14 12:00:00 PM,7.588
02/04/14 2:00:00 PM,7.313
02/04/14 4:00:00 PM,0.597
02/04/14 6:00:00 PM,-2.591
02/04/14 8:00:00 PM,0.288
02/04/14 10:00:00 PM,-1.293
02/05/14 12:00:00 AM,-3.251
02/05/14 2:00:00 AM,-4.941
02/05/14 4:00:00 AM,-4.941
02/05/14 6:00:00 AM,-4.599
02/05/14 8:00:00 AM,-4.941
02/05/14 10:00:00 AM,-3.586
02/05/14 12:00:00 PM,0.597
02/05/14 2:00:00 PM,3.319
02/05/14 4:00:00 PM,1.519
02/05/14 6:00:00 PM,-0.026
02/05/14 8:00:00 PM,0.597
02/05/14 10:00:00 PM,1.823
02/06/14 12:00:00 AM,1.823
02/06/14 2:00:00 AM,2.725
02/06/14 4:00:00 AM,3.319
02/06/14 6:00:00 AM,2.725
02/06/14 8:00:00 AM,3.614
02/06/14 10:00:00 AM,5.634
02/06/14 12:00:00 PM,7.864
02/06/14 2:00:00 PM,8.679
02/06/14 4:00:00 PM,8.679
02/06/14 6:00:00 PM,8.407
02/06/14 8:00:00 PM,8.407
02/06/14 10:00:00 PM,9.216
02/07/14 12:00:00 AM,9.484
02/07/14 2:00:00 AM,10.54
02/07/14 4:00:00 AM,10.278
02/07/14 6:00:00 AM,10.015
02/07/14 8:00:00 AM,10.278
02/07/14 10:00:00 AM,12.096
02/07/14 12:00:00 PM,14.855
02/07/14 2:00:00 PM,15.102
02/07/14 4:00:00 PM,13.615
02/07/14 6:00:00 PM,13.113
02/07/14 8:00:00 PM,12.607
02/07/14 10:00:00 PM,12.859
02/08/14 12:00:00 AM,12.607
02/08/14 2:00:00 AM,13.113
02/08/14 4:00:00 AM,13.865
02/08/14 6:00:00 AM,14.362
02/08/14 8:00:00 AM,15.102
02/08/14 10:00:00 AM,16.556
02/08/14 12:00:00 PM,18.451
02/08/14 2:00:00 PM,18.451
02/08/14 4:00:00 PM,19.152
02/08/14 6:00:00 PM,19.152
02/08/14 8:00:00 PM,19.382
02/08/14 10:00:00 PM,20.073
02/09/14 12:00:00 AM,20.984
02/09/14 2:00:00 AM,21.884
02/09/14 4:00:00 AM,22.107
02/09/14 6:00:00 AM,22.552
02/09/14 8:00:00 AM,22.552
02/09/14 10:00:00 AM,22.33
02/09/14 12:00:00 PM,23.436
02/09/14 2:00:00 PM,23.655
02/09/14 4:00:00 PM,23.436
02/09/14 6:00:00 PM,20.302
02/09/14 8:00:00 PM,19.843
02/09/14 10:00:00 PM,18.685
02/10/14 12:00:00 AM,17.983
02/10/14 2:00:00 AM,18.685
02/10/14 4:00:00 AM,18.685
02/10/14 6:00:00 AM,18.919
02/10/14 8:00:00 AM,18.451
02/10/14 10:00:00 AM,19.152
02/10/14 12:00:00 PM,22.552
02/10/14 2:00:00 PM,21.209
02/10/14 4:00:00 PM,19.382
02/10/14 6:00:00 PM,17.983
02/10/14 8:00:00 PM,14.855
02/10/14 10:00:00 PM,12.859
02/11/14 12:00:00 AM,12.096
02/11/14 2:00:00 AM,10.803
02/11/14 4:00:00 AM,8.679
02/11/14 6:00:00 AM,8.407
02/11/14 8:00:00 AM,9.484
02/11/14 10:00:00 AM,10.54
02/11/14 12:00:00 PM,15.346
02/11/14 2:00:00 PM,16.317
02/11/14 4:00:00 PM,15.589
02/11/14 6:00:00 PM,13.113
02/11/14 8:00:00 PM,13.113
02/11/14 10:00:00 PM,12.859
02/12/14 12:00:00 AM,12.351
02/12/14 2:00:00 AM,12.096
02/12/14 4:00:00 AM,11.84
02/12/14 6:00:00 AM,11.323
02/12/14 8:00:00 AM,11.323
02/12/14 10:00:00 AM,14.113
02/12/14 12:00:00 PM,17.272
02/12/14 2:00:00 PM,18.919
02/12/14 4:00:00 PM,19.612
02/12/14 6:00:00 PM,19.612
02/12/14 8:00:00 PM,18.919
02/12/14 10:00:00 PM,20.529
02/13/14 12:00:00 AM,20.984
02/13/14 2:00:00 AM,22.107
02/13/14 4:00:00 AM,22.33
02/13/14 6:00:00 AM,22.552
02/13/14 8:00:00 AM,22.552
02/13/14 10:00:00 AM,24.96
02/13/14 12:00:00 PM,25.605
02/13/14 2:00:00 PM,25.174
02/13/14 4:00:00 PM,24.093
02/13/14 6:00:00 PM,24.093
02/13/14 8:00:00 PM,22.33
02/13/14 10:00:00 PM,20.302
02/14/14 12:00:00 AM,18.451
02/14/14 2:00:00 AM,17.272
02/14/14 4:00:00 AM,15.589
02/14/14 6:00:00 AM,13.615
02/14/14 8:00:00 AM,12.607
02/14/14 10:00:00 AM,14.113
02/14/14 12:00:00 PM,20.073
02/14/14 2:00:00 PM,21.434
02/14/14 4:00:00 PM,22.995
02/14/14 6:00:00 PM,24.96
02/14/14 8:00:00 PM,25.39
02/14/14 10:00:00 PM,25.819
02/15/14 12:00:00 AM,26.031
02/15/14 2:00:00 AM,26.245
02/15/14 4:00:00 AM,26.668
02/15/14 6:00:00 AM,26.245
02/15/14 8:00:00 AM,27.511
02/15/14 10:00:00 AM,28.139
02/15/14 12:00:00 PM,28.555
02/15/14 2:00:00 PM,28.555
02/15/14 4:00:00 PM,28.762
02/15/14 6:00:00 PM,27.721
02/15/14 8:00:00 PM,28.139
02/15/14 10:00:00 PM,28.555
02/16/14 12:00:00 AM,28.969
02/16/14 2:00:00 AM,29.379
02/16/14 4:00:00 AM,29.79
02/16/14 6:00:00 AM,30.403
02/16/14 8:00:00 AM,30.607
02/16/14 10:00:00 AM,30.808
02/16/14 12:00:00 PM,34.198
02/16/14 2:00:00 PM,30.808
02/16/14 4:00:00 PM,29.79
02/16/14 6:00:00 PM,27.721
02/16/14 8:00:00 PM,22.995
02/16/14 10:00:00 PM,17.272
02/17/14 12:00:00 AM,11.581
02/17/14 2:00:00 AM,9.484
02/17/14 4:00:00 AM,8.679
02/17/14 6:00:00 AM,11.064
02/17/14 8:00:00 AM,14.113
02/17/14 10:00:00 AM,18.217
02/17/14 12:00:00 PM,23.216
02/17/14 2:00:00 PM,29.379
02/17/14 4:00:00 PM,37.679
02/17/14 6:00:00 PM,23.655
02/17/14 8:00:00 PM,24.31
02/17/14 10:00:00 PM,24.744
02/18/14 12:00:00 AM,24.093
02/18/14 2:00:00 AM,23.655
02/18/14 4:00:00 AM,23.436
02/18/14 6:00:00 AM,22.995
02/18/14 8:00:00 AM,23.216
02/18/14 10:00:00 AM,22.107
02/18/14 12:00:00 PM,26.668
02/18/14 2:00:00 PM,28.969
02/18/14 4:00:00 PM,33.411
02/18/14 6:00:00 PM,26.245
02/18/14 8:00:00 PM,26.031
02/18/14 10:00:00 PM,25.39
02/19/14 12:00:00 AM,24.744
02/19/14 2:00:00 AM,23.875
02/19/14 4:00:00 AM,23.216
02/19/14 6:00:00 AM,22.775
02/19/14 8:00:00 AM,22.775
02/19/14 10:00:00 AM,23.216
02/19/14 12:00:00 PM,27.511
02/19/14 2:00:00 PM,29.79
02/19/14 4:00:00 PM,26.031
02/19/14 6:00:00 PM,23.436
02/19/14 8:00:00 PM,17.748
02/19/14 10:00:00 PM,12.351
02/20/14 12:00:00 AM,7.588
02/20/14 2:00:00 AM,3.319
02/20/14 4:00:00 AM,0.288
02/20/14 6:00:00 AM,-0.656
02/20/14 8:00:00 AM,-1.293
02/20/14 10:00:00 AM,-0.656
02/20/14 12:00:00 PM,1.519
02/20/14 2:00:00 PM,1.823
02/20/14 4:00:00 PM,3.319
02/20/14 6:00:00 PM,2.725
02/20/14 8:00:00 PM,3.906
02/20/14 10:00:00 PM,5.063
02/21/14 12:00:00 AM,5.634
02/21/14 2:00:00 AM,5.349
02/21/14 4:00:00 AM,5.634
02/21/14 6:00:00 AM,6.48
02/21/14 8:00:00 AM,7.313
02/21/14 10:00:00 AM,9.484
02/21/14 12:00:00 PM,12.096
02/21/14 2:00:00 PM,13.365
02/21/14 4:00:00 PM,13.113
02/21/14 6:00:00 PM,13.615
02/21/14 8:00:00 PM,13.865
02/21/14 10:00:00 PM,13.865
02/22/14 12:00:00 AM,12.096
02/22/14 2:00:00 AM,10.803
02/22/14 4:00:00 AM,10.278
02/22/14 6:00:00 AM,10.54
02/22/14 8:00:00 AM,10.54
02/22/14 10:00:00 AM,12.607
02/22/14 12:00:00 PM,14.362
02/22/14 2:00:00 PM,16.075
02/22/14 4:00:00 PM,15.589
02/22/14 6:00:00 PM,15.102
02/22/14 8:00:00 PM,14.855
02/22/14 10:00:00 PM,13.865
02/23/14 12:00:00 AM,12.351
02/23/14 2:00:00 AM,13.615
02/23/14 4:00:00 AM,13.615
02/23/14 6:00:00 AM,14.113
02/23/14 8:00:00 AM,14.608
02/23/14 10:00:00 AM,17.035
02/23/14 12:00:00 PM,18.685
02/23/14 2:00:00 PM,21.884
02/23/14 4:00:00 PM,22.107
02/23/14 6:00:00 PM,20.529
02/23/14 8:00:00 PM,20.757
02/23/14 10:00:00 PM,20.529
02/24/14 12:00:00 AM,20.302
02/24/14 2:00:00 AM,18.919
02/24/14 4:00:00 AM,19.152
02/24/14 6:00:00 AM,19.612
02/24/14 8:00:00 AM,20.073
02/24/14 10:00:00 AM,22.995
02/24/14 12:00:00 PM,27.93
02/24/14 2:00:00 PM,31.213
02/24/14 4:00:00 PM,34.198
02/24/14 6:00:00 PM,27.721
02/24/14 8:00:00 PM,25.819
02/24/14 10:00:00 PM,25.174
02/25/14 12:00:00 AM,25.605
02/25/14 2:00:00 AM,26.245
02/25/14 4:00:00 AM,24.744
02/25/14 6:00:00 AM,24.093
02/25/14 8:00:00 AM,24.093
02/25/14 10:00:00 AM,25.605
02/25/14 12:00:00 PM,29.174
02/25/14 2:00:00 PM,29.586
02/25/14 4:00:00 PM,27.721
02/25/14 6:00:00 PM,26.881
02/25/14 8:00:00 PM,24.093
02/25/14 10:00:00 PM,21.434
02/26/14 12:00:00 AM,18.451
02/26/14 2:00:00 AM,17.035
02/26/14 4:00:00 AM,16.317
02/26/14 6:00:00 AM,15.102
02/26/14 8:00:00 AM,15.832
02/26/14 10:00:00 AM,16.795
02/26/14 12:00:00 PM,23.655
02/26/14 2:00:00 PM,28.346
02/26/14 4:00:00 PM,32.815
02/26/14 6:00:00 PM,23.655
02/26/14 8:00:00 PM,20.529
02/26/14 10:00:00 PM,21.884
02/27/14 12:00:00 AM,21.209
02/27/14 2:00:00 AM,22.33
02/27/14 4:00:00 AM,22.107
02/27/14 6:00:00 AM,21.659
02/27/14 8:00:00 AM,21.209
02/27/14 10:00:00 AM,24.744
02/27/14 12:00:00 PM,31.213
02/27/14 2:00:00 PM,29.586
02/27/14 4:00:00 PM,26.031
02/27/14 6:00:00 PM,24.744
02/27/14 8:00:00 PM,24.093
02/27/14 10:00:00 PM,23.436
02/28/14 12:00:00 AM,22.775
02/28/14 2:00:00 AM,22.107
02/28/14 4:00:00 AM,21.434
02/28/14 6:00:00 AM,20.757
02/28/14 8:00:00 AM,20.529
02/28/14 10:00:00 AM,20.302
02/28/14 12:00:00 PM,21.884
02/28/14 2:00:00 PM,25.605
02/28/14 4:00:00 PM,31.816
02/28/14 6:00:00 PM,23.875
02/28/14 8:00:00 PM,21.434
02/28/14 10:00:00 PM,24.526
03/01/14 12:00:00 AM,26.031
03/01/14 2:00:00 AM,27.302
03/01/14 4:00:00 AM,27.721
03/01/14 6:00:00 AM,26.458
03/01/14 8:00:00 AM,26.881
03/01/14 10:00:00 AM,24.744
03/01/14 12:00:00 PM,26.668
03/01/14 2:00:00 PM,23.436
03/01/14 4:00:00 PM,23.436
03/01/14 6:00:00 PM,22.552
03/01/14 8:00:00 PM,21.884
03/01/14 10:00:00 PM,20.984
03/02/14 12:00:00 AM,19.843
03/02/14 2:00:00 AM,18.451
03/02/14 4:00:00 AM,17.748
03/02/14 6:00:00 AM,17.272
03/02/14 8:00:00 AM,17.748
03/02/14 10:00:00 AM,20.302
03/02/14 12:00:00 PM,21.884
03/02/14 2:00:00 PM,27.511
03/02/14 4:00:00 PM,25.174
03/02/14 6:00:00 PM,20.757
03/02/14 8:00:00 PM,20.073
03/02/14 10:00:00 PM,19.612
03/03/14 12:00:00 AM,19.843
03/03/14 2:00:00 AM,19.612
03/03/14 4:00:00 AM,19.843
03/03/14 6:00:00 AM,19.843
03/03/14 8:00:00 AM,19.152
03/03/14 10:00:00 AM,20.984
03/03/14 12:00:00 PM,26.031
03/03/14 2:00:00 PM,28.139
03/03/14 4:00:00 PM,31.012
03/03/14 6:00:00 PM,23.436
03/03/14 8:00:00 PM,22.775
03/03/14 10:00:00 PM,22.995
03/04/14 12:00:00 AM,22.995
03/04/14 2:00:00 AM,22.107
03/04/14 4:00:00 AM,21.659
03/04/14 6:00:00 AM,21.434
03/04/14 8:00:00 AM,21.884
03/04/14 10:00:00 AM,23.875
03/04/14 12:00:00 PM,28.762
03/04/14 2:00:00 PM,35.37
03/04/14 4:00:00 PM,31.617
03/04/14 6:00:00 PM,27.091
03/04/14 8:00:00 PM,23.875
03/04/14 10:00:00 PM,22.107
03/05/14 12:00:00 AM,19.843
03/05/14 2:00:00 AM,16.795
03/05/14 4:00:00 AM,15.346
03/05/14 6:00:00 AM,15.346
03/05/14 8:00:00 AM,15.102
03/05/14 10:00:00 AM,16.795
03/05/14 12:00:00 PM,20.984
03/05/14 2:00:00 PM,25.174
03/05/14 4:00:00 PM,28.969
03/05/14 6:00:00 PM,23.655
03/05/14 8:00:00 PM,22.107
03/05/14 10:00:00 PM,24.526
03/06/14 12:00:00 AM,23.436
03/06/14 2:00:00 AM,23.875
03/06/14 4:00:00 AM,24.96
03/06/14 6:00:00 AM,25.174
03/06/14 8:00:00 AM,26.458
03/06/14 10:00:00 AM,27.302
03/06/14 12:00:00 PM,34.59
03/06/14 2:00:00 PM,37.297
03/06/14 4:00:00 PM,40.134
03/06/14 6:00:00 PM,33.805
03/06/14 8:00:00 PM,30.403
03/06/14 10:00:00 PM,27.721
03/07/14 12:00:00 AM,26.031
03/07/14 2:00:00 AM,24.96
03/07/14 4:00:00 AM,24.093
03/07/14 6:00:00 AM,24.093
03/07/14 8:00:00 AM,23.875
03/07/14 10:00:00 AM,24.744
03/07/14 12:00:00 PM,26.458
03/07/14 2:00:00 PM,23.655
03/07/14 4:00:00 PM,21.434
03/07/14 6:00:00 PM,18.217
03/07/14 8:00:00 PM,16.556
03/07/14 10:00:00 PM,15.589
03/08/14 12:00:00 AM,14.608
03/08/14 2:00:00 AM,14.113
03/08/14 4:00:00 AM,13.615
03/08/14 6:00:00 AM,11.323
03/08/14 8:00:00 AM,9.216
03/08/14 10:00:00 AM,13.615
03/08/14 12:00:00 PM,24.96
03/08/14 2:00:00 PM,28.139
03/08/14 4:00:00 PM,32.815
03/08/14 6:00:00 PM,26.458
03/08/14 8:00:00 PM,19.612
03/08/14 10:00:00 PM,20.529
03/09/14 12:00:00 AM,22.552
03/09/14 2:00:00 AM,23.216
03/09/14 4:00:00 AM,24.526
03/09/14 6:00:00 AM,25.605
03/09/14 8:00:00 AM,26.458
03/09/14 10:00:00 AM,30.808
03/09/14 12:00:00 PM,36.145
03/09/14 2:00:00 PM,38.061
03/09/14 4:00:00 PM,37.107
03/09/14 6:00:00 PM,37.297
03/09/14 8:00:00 PM,30.808
03/09/14 10:00:00 PM,31.816
03/10/14 12:00:00 AM,29.995
03/10/14 2:00:00 AM,28.969
03/10/14 4:00:00 AM,26.458
03/10/14 6:00:00 AM,29.995
03/10/14 8:00:00 AM,32.018
03/10/14 10:00:00 AM,30.808
03/10/14 12:00:00 PM,38.061
03/10/14 2:00:00 PM,41.254
03/10/14 4:00:00 PM,43.466
03/10/14 6:00:00 PM,39.007
03/10/14 8:00:00 PM,32.617
03/10/14 10:00:00 PM,31.415
03/11/14 12:00:00 AM,31.012
03/11/14 2:00:00 AM,28.346
03/11/14 4:00:00 AM,24.093
03/11/14 6:00:00 AM,19.843
03/11/14 8:00:00 AM,18.217
03/11/14 10:00:00 AM,16.317
03/11/14 12:00:00 PM,19.612
03/11/14 2:00:00 PM,13.615
03/11/14 4:00:00 PM,14.113
03/11/14 6:00:00 PM,11.064
03/11/14 8:00:00 PM,7.038
03/11/14 10:00:00 PM,2.125
03/12/14 12:00:00 AM,-1.937
03/12/14 2:00:00 AM,5.349
03/12/14 4:00:00 AM,4.777
03/12/14 6:00:00 AM,8.947
03/12/14 8:00:00 AM,10.54
03/12/14 10:00:00 AM,17.035
03/12/14 12:00:00 PM,30.198
03/12/14 2:00:00 PM,32.418
03/12/14 4:00:00 PM,33.013
03/12/14 6:00:00 PM,25.605
03/12/14 8:00:00 PM,20.529
03/12/14 10:00:00 PM,20.984
03/13/14 12:00:00 AM,20.984
03/13/14 2:00:00 AM,21.659
03/13/14 4:00:00 AM,21.434
03/13/14 6:00:00 AM,20.529
03/13/14 8:00:00 AM,19.612
03/13/14 10:00:00 AM,20.529
03/13/14 12:00:00 PM,25.39
03/13/14 2:00:00 PM,29.379
03/13/14 4:00:00 PM,27.302
03/13/14 6:00:00 PM,25.819
03/13/14 8:00:00 PM,23.875
03/13/14 10:00:00 PM,22.552
03/14/14 12:00:00 AM,21.434
03/14/14 2:00:00 AM,19.152
03/14/14 4:00:00 AM,17.51
03/14/14 6:00:00 AM,18.217
03/14/14 8:00:00 AM,19.843
03/14/14 10:00:00 AM,22.552
03/14/14 12:00:00 PM,30.403
03/14/14 2:00:00 PM,33.013
03/14/14 4:00:00 PM,37.679
03/14/14 6:00:00 PM,30.403
03/14/14 8:00:00 PM,26.458
03/14/14 10:00:00 PM,25.174
03/15/14 12:00:00 AM,24.526
03/15/14 2:00:00 AM,21.884
03/15/14 4:00:00 AM,19.382
03/15/14 6:00:00 AM,17.272
03/15/14 8:00:00 AM,16.317
03/15/14 10:00:00 AM,16.556
03/15/14 12:00:00 PM,17.983
03/15/14 2:00:00 PM,20.302
03/15/14 4:00:00 PM,22.107
03/15/14 6:00:00 PM,16.795
03/15/14 8:00:00 PM,11.581
03/15/14 10:00:00 PM,11.581
03/16/14 12:00:00 AM,11.323
03/16/14 2:00:00 AM,12.096
03/16/14 4:00:00 AM,12.096
03/16/14 6:00:00 AM,11.323
03/16/14 8:00:00 AM,12.096
03/16/14 10:00:00 AM,15.832
03/16/14 12:00:00 PM,24.31
03/16/14 2:00:00 PM,31.012
03/16/14 4:00:00 PM,33.805
03/16/14 6:00:00 PM,26.881
03/16/14 8:00:00 PM,25.174
03/16/14 10:00:00 PM,25.174
03/17/14 12:00:00 AM,24.96
03/17/14 2:00:00 AM,26.031
03/17/14 4:00:00 AM,25.39
03/17/14 6:00:00 AM,27.302
03/17/14 8:00:00 AM,28.346
03/17/14 10:00:00 AM,31.415
03/17/14 12:00:00 PM,35.951
03/17/14 2:00:00 PM,36.723
03/17/14 4:00:00 PM,31.213
03/17/14 6:00:00 PM,24.31
03/17/14 8:00:00 PM,21.659
03/17/14 10:00:00 PM,15.832
03/18/14 12:00:00 AM,8.679
03/18/14 2:00:00 AM,6.759
03/18/14 4:00:00 AM,7.588
03/18/14 6:00:00 AM,7.864
03/18/14 8:00:00 AM,8.136
03/18/14 10:00:00 AM,14.362
03/18/14 12:00:00 PM,17.035
03/18/14 2:00:00 PM,22.995
03/18/14 4:00:00 PM,22.107
03/18/14 6:00:00 PM,15.102
03/18/14 8:00:00 PM,10.803
03/18/14 10:00:00 PM,10.278
03/19/14 12:00:00 AM,7.588
03/19/14 2:00:00 AM,7.313
03/19/14 4:00:00 AM,8.407
03/19/14 6:00:00 AM,7.588
03/19/14 8:00:00 AM,8.136
03/19/14 10:00:00 AM,11.323
03/19/14 12:00:00 PM,16.795
03/19/14 2:00:00 PM,21.884
03/19/14 4:00:00 PM,27.93
03/19/14 6:00:00 PM,20.984
03/19/14 8:00:00 PM,18.451
03/19/14 10:00:00 PM,18.217
03/20/14 12:00:00 AM,17.748
03/20/14 2:00:00 AM,18.217
03/20/14 4:00:00 AM,15.832
03/20/14 6:00:00 AM,17.51
03/20/14 8:00:00 AM,20.529
03/20/14 10:00:00 AM,25.174
03/20/14 12:00:00 PM,30.607
03/20/14 2:00:00 PM,34.981
03/20/14 4:00:00 PM,32.418
03/20/14 6:00:00 PM,29.174
03/20/14 8:00:00 PM,26.458
03/20/14 10:00:00 PM,25.819
03/21/14 12:00:00 AM,24.526
03/21/14 2:00:00 AM,24.744
03/21/14 4:00:00 AM,22.995
03/21/14 6:00:00 AM,21.434
03/21/14 8:00:00 AM,20.302
03/21/14 10:00:00 AM,26.031
03/21/14 12:00:00 PM,32.218
03/21/14 2:00:00 PM,36.723
03/21/14 4:00:00 PM,24.96
03/21/14 6:00:00 PM,20.757
03/21/14 8:00:00 PM,17.51
03/21/14 10:00:00 PM,16.317
03/22/14 12:00:00 AM,13.865
03/22/14 2:00:00 AM,14.855
03/22/14 4:00:00 AM,21.659
03/22/14 6:00:00 AM,20.757
03/22/14 8:00:00 AM,23.216
03/22/14 10:00:00 AM,26.881
03/22/14 12:00:00 PM,22.995
03/22/14 2:00:00 PM,22.775
03/22/14 4:00:00 PM,19.843
03/22/14 6:00:00 PM,16.075
03/22/14 8:00:00 PM,13.365
03/22/14 10:00:00 PM,12.859
03/23/14 12:00:00 AM,13.865
03/23/14 2:00:00 AM,13.865
03/23/14 4:00:00 AM,14.113
03/23/14 6:00:00 AM,14.855
03/23/14 8:00:00 AM,14.362
03/23/14 10:00:00 AM,19.843
03/23/14 12:00:00 PM,23.216
03/23/14 2:00:00 PM,27.721
03/23/14 4:00:00 PM,30.403
03/23/14 6:00:00 PM,24.744
03/23/14 8:00:00 PM,22.775
03/23/14 10:00:00 PM,21.434
03/24/14 12:00:00 AM,20.302
03/24/14 2:00:00 AM,17.748
03/24/14 4:00:00 AM,16.317
03/24/14 6:00:00 AM,16.075
03/24/14 8:00:00 AM,15.832
03/24/14 10:00:00 AM,20.073
03/24/14 12:00:00 PM,24.31
03/24/14 2:00:00 PM,27.302
03/24/14 4:00:00 PM,26.881
03/24/14 6:00:00 PM,24.96
03/24/14 8:00:00 PM,24.31
03/24/14 10:00:00 PM,24.31
03/25/14 12:00:00 AM,23.216
03/25/14 2:00:00 AM,22.33
03/25/14 4:00:00 AM,20.302
03/25/14 6:00:00 AM,19.843
03/25/14 8:00:00 AM,21.209
03/25/14 10:00:00 AM,24.31
03/25/14 12:00:00 PM,27.511
03/25/14 2:00:00 PM,34.59
03/25/14 4:00:00 PM,50.819
03/25/14 6:00:00 PM,41.439
03/25/14 8:00:00 PM,32.018
03/25/14 10:00:00 PM,31.415
03/26/14 12:00:00 AM,30.198
03/26/14 2:00:00 AM,30.808
03/26/14 4:00:00 AM,30.198
03/26/14 6:00:00 AM,28.969
03/26/14 8:00:00 AM,28.346
03/26/14 10:00:00 AM,32.418
03/26/14 12:00:00 PM,36.338
03/26/14 2:00:00 PM,37.297
03/26/14 4:00:00 PM,34.002
03/26/14 6:00:00 PM,28.139
03/26/14 8:00:00 PM,25.39
03/26/14 10:00:00 PM,22.107
03/27/14 12:00:00 AM,21.884
03/27/14 2:00:00 AM,20.984
03/27/14 4:00:00 AM,19.382
03/27/14 6:00:00 AM,17.51
03/27/14 8:00:00 AM,16.075
03/27/14 10:00:00 AM,17.983
03/27/14 12:00:00 PM,24.31
03/27/14 2:00:00 PM,25.605
03/27/14 4:00:00 PM,24.31
03/27/14 6:00:00 PM,18.919
03/27/14 8:00:00 PM,17.51
03/27/14 10:00:00 PM,17.51
03/28/14 12:00:00 AM,14.855
03/28/14 2:00:00 AM,12.607
03/28/14 4:00:00 AM,11.323
03/28/14 6:00:00 AM,10.803
03/28/14 8:00:00 AM,12.096
03/28/14 10:00:00 AM,15.832
03/28/14 12:00:00 PM,19.382
03/28/14 2:00:00 PM,23.655
03/28/14 4:00:00 PM,20.757
03/28/14 6:00:00 PM,17.272
03/28/14 8:00:00 PM,17.035
03/28/14 10:00:00 PM,18.451
03/29/14 12:00:00 AM,18.919
03/29/14 2:00:00 AM,19.152
03/29/14 4:00:00 AM,17.51
03/29/14 6:00:00 AM,19.612
03/29/14 8:00:00 AM,21.434
03/29/14 10:00:00 AM,26.458
03/29/14 12:00:00 PM,30.198
03/29/14 2:00:00 PM,34.786
03/29/14 4:00:00 PM,36.338
03/29/14 6:00:00 PM,30.198
03/29/14 8:00:00 PM,29.379
03/29/14 10:00:00 PM,29.995
03/30/14 12:00:00 AM,29.379
03/30/14 2:00:00 AM,29.995
03/30/14 4:00:00 AM,29.995
03/30/14 6:00:00 AM,30.403
03/30/14 8:00:00 AM,32.418
03/30/14 10:00:00 AM,36.145
03/30/14 12:00:00 PM,38.818
03/30/14 2:00:00 PM,41.254
03/30/14 4:00:00 PM,40.881
03/30/14 6:00:00 PM,35.564
03/30/14 8:00:00 PM,26.245
03/30/14 10:00:00 PM,20.529
03/31/14 12:00:00 AM,19.152
03/31/14 2:00:00 AM,16.075
03/31/14 4:00:00 AM,15.102
03/31/14 6:00:00 AM,14.113
03/31/14 8:00:00 AM,14.113
03/31/14 10:00:00 AM,15.589
03/31/14 12:00:00 PM,19.152
03/31/14 2:00:00 PM,19.152
03/31/14 4:00:00 PM,21.434
03/31/14 6:00:00 PM,20.529
03/31/14 8:00:00 PM,18.919
03/31/14 10:00:00 PM,16.075
04/01/14 12:00:00 AM,15.102
04/01/14 2:00:00 AM,15.832
04/01/14 4:00:00 AM,17.748
04/01/14 6:00:00 AM,19.612
04/01/14 8:00:00 AM,20.757
04/01/14 10:00:00 AM,23.436
04/01/14 12:00:00 PM,26.031
04/01/14 2:00:00 PM,24.526
04/01/14 4:00:00 PM,28.139
04/01/14 6:00:00 PM,25.39
04/01/14 8:00:00 PM,23.655
04/01/14 10:00:00 PM,19.843
04/02/14 12:00:00 AM,18.919
04/02/14 2:00:00 AM,17.035
04/02/14 4:00:00 AM,22.107
04/02/14 6:00:00 AM,20.757
04/02/14 8:00:00 AM,20.984
04/02/14 10:00:00 AM,27.511
04/02/14 12:00:00 PM,28.555
04/02/14 2:00:00 PM,27.511
04/02/14 4:00:00 PM,24.31
04/02/14 6:00:00 PM,19.612
04/02/14 8:00:00 PM,18.685
04/02/14 10:00:00 PM,17.983
04/03/14 12:00:00 AM,17.748
04/03/14 2:00:00 AM,16.556
04/03/14 4:00:00 AM,14.608
04/03/14 6:00:00 AM,13.113
04/03/14 8:00:00 AM,13.365
04/03/14 10:00:00 AM,16.795
04/03/14 12:00:00 PM,24.526
04/03/14 2:00:00 PM,22.995
04/03/14 4:00:00 PM,32.018
04/03/14 6:00:00 PM,17.51
04/03/14 8:00:00 PM,14.855
04/03/14 10:00:00 PM,13.865
04/04/14 12:00:00 AM,11.84
04/04/14 2:00:00 AM,12.607
04/04/14 4:00:00 AM,12.607
04/04/14 6:00:00 AM,11.581
04/04/14 8:00:00 AM,13.865
04/04/14 10:00:00 AM,16.075
04/04/14 12:00:00 PM,25.819
04/04/14 2:00:00 PM,31.012
04/04/14 4:00:00 PM,33.213
04/04/14 6:00:00 PM,25.174
04/04/14 8:00:00 PM,20.302
04/04/14 10:00:00 PM,19.382
04/05/14 12:00:00 AM,18.685
04/05/14 2:00:00 AM,18.217
04/05/14 4:00:00 AM,17.748
04/05/14 6:00:00 AM,17.51
04/05/14 8:00:00 AM,17.748
04/05/14 10:00:00 AM,24.093
04/05/14 12:00:00 PM,33.411
04/05/14 2:00:00 PM,36.914
04/05/14 4:00:00 PM,25.39
04/05/14 6:00:00 PM,24.093
04/05/14 8:00:00 PM,21.434
04/05/14 10:00:00 PM,19.382
04/06/14 12:00:00 AM,18.685
04/06/14 2:00:00 AM,19.382
04/06/14 4:00:00 AM,17.983
04/06/14 6:00:00 AM,16.317
04/06/14 8:00:00 AM,18.685
04/06/14 10:00:00 AM,24.526
04/06/14 12:00:00 PM,27.511
04/06/14 2:00:00 PM,28.346
04/06/14 4:00:00 PM,23.655
04/06/14 6:00:00 PM,20.073
04/06/14 8:00:00 PM,18.919
04/06/14 10:00:00 PM,18.919
04/07/14 12:00:00 AM,17.272
04/07/14 2:00:00 AM,16.795
04/07/14 4:00:00 AM,16.795
04/07/14 6:00:00 AM,15.589
04/07/14 8:00:00 AM,15.832
04/07/14 10:00:00 AM,17.983
04/07/14 12:00:00 PM,22.995
04/07/14 2:00:00 PM,26.458
04/07/14 4:00:00 PM,25.174
04/07/14 6:00:00 PM,20.302
04/07/14 8:00:00 PM,20.757
04/07/14 10:00:00 PM,22.33
04/08/14 12:00:00 AM,23.216
04/08/14 2:00:00 AM,23.216
04/08/14 4:00:00 AM,22.107
04/08/14 6:00:00 AM,21.434
04/08/14 8:00:00 AM,22.33
04/08/14 10:00:00 AM,27.091
04/08/14 12:00:00 PM,33.411
04/08/14 2:00:00 PM,38.25
04/08/14 4:00:00 PM,43.831
04/08/14 6:00:00 PM,40.696
04/08/14 8:00:00 PM,33.411
04/08/14 10:00:00 PM,32.218
04/09/14 12:00:00 AM,33.213
04/09/14 2:00:00 AM,33.607
04/09/14 4:00:00 AM,34.002
04/09/14 6:00:00 AM,32.218
04/09/14 8:00:00 AM,32.815
04/09/14 10:00:00 AM,33.213
04/09/14 12:00:00 PM,41.439
04/09/14 2:00:00 PM,45.104
04/09/14 4:00:00 PM,47.624
04/09/14 6:00:00 PM,46.369
04/09/14 8:00:00 PM,37.107
04/09/14 10:00:00 PM,37.488
04/10/14 12:00:00 AM,36.338
04/10/14 2:00:00 AM,33.607
04/10/14 4:00:00 AM,31.213
04/10/14 6:00:00 AM,31.816
04/10/14 8:00:00 AM,32.018
04/10/14 10:00:00 AM,36.914
04/10/14 12:00:00 PM,39.947
04/10/14 2:00:00 PM,43.831
04/10/14 4:00:00 PM,40.134
04/10/14 6:00:00 PM,35.758
04/10/14 8:00:00 PM,34.981
04/10/14 10:00:00 PM,32.418
04/11/14 12:00:00 AM,32.617
04/11/14 2:00:00 AM,30.607
04/11/14 4:00:00 AM,29.995
04/11/14 6:00:00 AM,30.607
04/11/14 8:00:00 AM,31.617
04/11/14 10:00:00 AM,38.061
04/11/14 12:00:00 PM,41.994
04/11/14 2:00:00 PM,46.728
04/11/14 4:00:00 PM,55.364
04/11/14 6:00:00 PM,49.937
04/11/14 8:00:00 PM,40.134
04/11/14 10:00:00 PM,37.87
04/12/14 12:00:00 AM,38.818
04/12/14 2:00:00 AM,37.297
04/12/14 4:00:00 AM,35.951
04/12/14 6:00:00 AM,36.145
04/12/14 8:00:00 AM,36.338
04/12/14 10:00:00 AM,40.509
04/12/14 12:00:00 PM,42.732
04/12/14 2:00:00 PM,49.582
04/12/14 4:00:00 PM,43.282
04/12/14 6:00:00 PM,41.439
04/12/14 8:00:00 PM,35.951
04/12/14 10:00:00 PM,32.418
04/13/14 12:00:00 AM,29.379
04/13/14 2:00:00 AM,26.881
04/13/14 4:00:00 AM,24.093
04/13/14 6:00:00 AM,21.884
04/13/14 8:00:00 AM,21.659
04/13/14 10:00:00 AM,20.073
04/13/14 12:00:00 PM,20.302
04/13/14 2:00:00 PM,15.346
04/13/14 4:00:00 PM,11.84
04/13/14 6:00:00 PM,10.803
04/13/14 8:00:00 PM,4.487
04/13/14 10:00:00 PM,3.614
04/14/14 12:00:00 AM,2.426
04/14/14 2:00:00 AM,4.487
04/14/14 4:00:00 AM,1.823
04/14/14 6:00:00 AM,1.823
04/14/14 8:00:00 AM,2.426
04/14/14 10:00:00 AM,7.313
04/14/14 12:00:00 PM,12.859
04/14/14 2:00:00 PM,16.556
04/14/14 4:00:00 PM,21.884
04/14/14 6:00:00 PM,22.33
04/14/14 8:00:00 PM,12.096
04/14/14 10:00:00 PM,14.362
04/15/14 12:00:00 AM,17.035
04/15/14 2:00:00 AM,15.346
04/15/14 4:00:00 AM,15.589
04/15/14 6:00:00 AM,16.556
04/15/14 8:00:00 AM,18.217
04/15/14 10:00:00 AM,27.302
04/15/14 12:00:00 PM,32.218
04/15/14 2:00:00 PM,30.808
04/15/14 4:00:00 PM,37.679
04/15/14 6:00:00 PM,35.758
04/15/14 8:00:00 PM,28.969
04/15/14 10:00:00 PM,28.762
04/16/14 12:00:00 AM,28.139
04/16/14 2:00:00 AM,25.39
04/16/14 4:00:00 AM,19.382
04/16/14 6:00:00 AM,17.748
04/16/14 8:00:00 AM,19.843
04/16/14 10:00:00 AM,23.216
04/16/14 12:00:00 PM,28.139
04/16/14 2:00:00 PM,34.394
04/16/14 4:00:00 PM,31.213
04/16/14 6:00:00 PM,22.995
04/16/14 8:00:00 PM,20.302
04/16/14 10:00:00 PM,19.843
04/17/14 12:00:00 AM,17.983
04/17/14 2:00:00 AM,15.102
04/17/14 4:00:00 AM,17.51
04/17/14 6:00:00 AM,20.302
04/17/14 8:00:00 AM,23.216
04/17/14 10:00:00 AM,29.174
04/17/14 12:00:00 PM,33.013
04/17/14 2:00:00 PM,39.384
04/17/14 4:00:00 PM,44.742
04/17/14 6:00:00 PM,43.648
04/17/14 8:00:00 PM,33.213
04/17/14 10:00:00 PM,33.213
04/18/14 12:00:00 AM,32.418
04/18/14 2:00:00 AM,32.815
04/18/14 4:00:00 AM,33.607
04/18/14 6:00:00 AM,36.338
04/18/14 8:00:00 AM,39.007
04/18/14 10:00:00 AM,44.379
04/18/14 12:00:00 PM,47.088
04/18/14 2:00:00 PM,50.819
04/18/14 4:00:00 PM,54.842
04/18/14 6:00:00 PM,44.195
04/18/14 8:00:00 PM,41.067
04/18/14 10:00:00 PM,40.134
04/19/14 12:00:00 AM,38.44
04/19/14 2:00:00 AM,34.786
04/19/14 4:00:00 AM,34.786
04/19/14 6:00:00 AM,34.002
04/19/14 8:00:00 AM,34.786
04/19/14 10:00:00 AM,37.87
04/19/14 12:00:00 PM,43.648
04/19/14 2:00:00 PM,50.113
04/19/14 4:00:00 PM,34.59
04/19/14 6:00:00 PM,35.758
04/19/14 8:00:00 PM,33.805
04/19/14 10:00:00 PM,32.815
04/20/14 12:00:00 AM,32.418
04/20/14 2:00:00 AM,32.418
04/20/14 4:00:00 AM,32.018
04/20/14 6:00:00 AM,31.617
04/20/14 8:00:00 AM,33.411
04/20/14 10:00:00 AM,38.818
04/20/14 12:00:00 PM,44.742
04/20/14 2:00:00 PM,42.548
04/20/14 4:00:00 PM,52.576
04/20/14 6:00:00 PM,40.509
04/20/14 8:00:00 PM,32.018
04/20/14 10:00:00 PM,31.415
04/21/14 12:00:00 AM,32.815
04/21/14 2:00:00 AM,32.418
04/21/14 4:00:00 AM,28.969
04/21/14 6:00:00 AM,27.511
04/21/14 8:00:00 AM,32.815
04/21/14 10:00:00 AM,43.282
04/21/14 12:00:00 PM,45.104
04/21/14 2:00:00 PM,49.228
04/21/14 4:00:00 PM,39.007
04/21/14 6:00:00 PM,45.466
04/21/14 8:00:00 PM,36.914
04/21/14 10:00:00 PM,33.805
04/22/14 12:00:00 AM,36.338
04/22/14 2:00:00 AM,38.061
04/22/14 4:00:00 AM,38.818
04/22/14 6:00:00 AM,39.196
04/22/14 8:00:00 AM,41.439
04/22/14 10:00:00 AM,45.286
04/22/14 12:00:00 PM,47.982
04/22/14 2:00:00 PM,52.05
04/22/14 4:00:00 PM,50.113
04/22/14 6:00:00 PM,42.363
04/22/14 8:00:00 PM,41.067
04/22/14 10:00:00 PM,40.134
04/23/14 12:00:00 AM,39.384
04/23/14 2:00:00 AM,38.25
04/23/14 4:00:00 AM,37.488
04/23/14 6:00:00 AM,34.786
04/23/14 8:00:00 AM,31.816
04/23/14 10:00:00 AM,35.37
04/23/14 12:00:00 PM,37.297
04/23/14 2:00:00 PM,39.384
04/23/14 4:00:00 PM,35.951
04/23/14 6:00:00 PM,27.721
04/23/14 8:00:00 PM,23.436
04/23/14 10:00:00 PM,21.434
04/24/14 12:00:00 AM,20.073
04/24/14 2:00:00 AM,16.795
04/24/14 4:00:00 AM,16.556
04/24/14 6:00:00 AM,15.832
04/24/14 8:00:00 AM,16.317
04/24/14 10:00:00 AM,24.093
04/24/14 12:00:00 PM,30.808
04/24/14 2:00:00 PM,36.723
04/24/14 4:00:00 PM,41.81
04/24/14 6:00:00 PM,35.175
04/24/14 8:00:00 PM,32.418
04/24/14 10:00:00 PM,31.617
04/25/14 12:00:00 AM,30.198
04/25/14 2:00:00 AM,29.79
04/25/14 4:00:00 AM,30.198
04/25/14 6:00:00 AM,31.012
04/25/14 8:00:00 AM,34.981
04/25/14 10:00:00 AM,40.696
04/25/14 12:00:00 PM,45.648
04/25/14 2:00:00 PM,49.582
04/25/14 4:00:00 PM,45.828
04/25/14 6:00:00 PM,45.648
04/25/14 8:00:00 PM,36.723
04/25/14 10:00:00 PM,38.44
04/26/14 12:00:00 AM,36.338
04/26/14 2:00:00 AM,37.107
04/26/14 4:00:00 AM,34.198
04/26/14 6:00:00 AM,31.415
04/26/14 8:00:00 AM,37.488
04/26/14 10:00:00 AM,45.828
04/26/14 12:00:00 PM,46.188
04/26/14 2:00:00 PM,50.29
04/26/14 4:00:00 PM,45.648
04/26/14 6:00:00 PM,44.013
04/26/14 8:00:00 PM,36.145
04/26/14 10:00:00 PM,27.511
04/27/14 12:00:00 AM,27.091
04/27/14 2:00:00 AM,24.093
04/27/14 4:00:00 AM,23.875
04/27/14 6:00:00 AM,21.659
04/27/14 8:00:00 AM,18.217
04/27/14 10:00:00 AM,18.217
04/27/14 12:00:00 PM,20.302
04/27/14 2:00:00 PM,18.685
04/27/14 4:00:00 PM,19.152
04/27/14 6:00:00 PM,20.302
04/27/14 8:00:00 PM,19.382
04/27/14 10:00:00 PM,18.451
04/28/14 12:00:00 AM,17.272
04/28/14 2:00:00 AM,16.317
04/28/14 4:00:00 AM,15.346
04/28/14 6:00:00 AM,15.102
04/28/14 8:00:00 AM,15.589
04/28/14 10:00:00 AM,18.451
04/28/14 12:00:00 PM,22.995
04/28/14 2:00:00 PM,23.655
04/28/14 4:00:00 PM,22.552
04/28/14 6:00:00 PM,18.919
04/28/14 8:00:00 PM,15.346
04/28/14 10:00:00 PM,14.362
04/29/14 12:00:00 AM,14.362
04/29/14 2:00:00 AM,14.608
04/29/14 4:00:00 AM,14.113
04/29/14 6:00:00 AM,13.365
04/29/14 8:00:00 AM,15.832
04/29/14 10:00:00 AM,19.612
04/29/14 12:00:00 PM,22.775
04/29/14 2:00:00 PM,24.96
04/29/14 4:00:00 PM,24.526
04/29/14 6:00:00 PM,19.152
04/29/14 8:00:00 PM,16.795
04/29/14 10:00:00 PM,16.556
04/30/14 12:00:00 AM,16.075
04/30/14 2:00:00 AM,14.855
04/30/14 4:00:00 AM,14.113
04/30/14 6:00:00 AM,13.865
04/30/14 8:00:00 AM,15.832
04/30/14 10:00:00 AM,22.107
04/30/14 12:00:00 PM,27.721
04/30/14 2:00:00 PM,31.415
04/30/14 4:00:00 PM,33.805
04/30/14 6:00:00 PM,26.031
04/30/14 8:00:00 PM,17.748
04/30/14 10:00:00 PM,16.556
05/01/14 12:00:00 AM,16.075
05/01/14 2:00:00 AM,16.317
05/01/14 4:00:00 AM,14.855
05/01/14 6:00:00 AM,14.113
05/01/14 8:00:00 AM,15.832
05/01/14 10:00:00 AM,24.31
05/01/14 12:00:00 PM,31.213
05/01/14 2:00:00 PM,37.297
05/01/14 4:00:00 PM,41.254
05/01/14 6:00:00 PM,41.81
05/01/14 8:00:00 PM,29.174
05/01/14 10:00:00 PM,28.969
05/02/14 12:00:00 AM,28.555
05/02/14 2:00:00 AM,28.762
05/02/14 4:00:00 AM,28.139
05/02/14 6:00:00 AM,27.511
05/02/14 8:00:00 AM,31.816
05/02/14 10:00:00 AM,34.981
05/02/14 12:00:00 PM,42.732
05/02/14 2:00:00 PM,48.517
05/02/14 4:00:00 PM,43.466
05/02/14 6:00:00 PM,43.282
05/02/14 8:00:00 PM,39.947
05/02/14 10:00:00 PM,39.573
05/03/14 12:00:00 AM,39.573
05/03/14 2:00:00 AM,37.297
05/03/14 4:00:00 AM,36.723
05/03/14 6:00:00 AM,35.758
05/03/14 8:00:00 AM,36.723
05/03/14 10:00:00 AM,37.488
05/03/14 12:00:00 PM,43.282
05/03/14 2:00:00 PM,53.623
05/03/14 4:00:00 PM,55.189
05/03/14 6:00:00 PM,53.274
05/03/14 8:00:00 PM,44.56
05/03/14 10:00:00 PM,43.831
05/04/14 12:00:00 AM,42.548
05/04/14 2:00:00 AM,42.915
05/04/14 4:00:00 AM,43.466
05/04/14 6:00:00 AM,42.179
05/04/14 8:00:00 AM,41.625
05/04/14 10:00:00 AM,47.088
05/04/14 12:00:00 PM,50.29
05/04/14 2:00:00 PM,54.669
05/04/14 4:00:00 PM,57.268
05/04/14 6:00:00 PM,51.346
05/04/14 8:00:00 PM,45.828
05/04/14 10:00:00 PM,43.648
05/05/14 12:00:00 AM,42.363
05/05/14 2:00:00 AM,41.994
05/05/14 4:00:00 AM,40.881
05/05/14 6:00:00 AM,40.134
05/05/14 8:00:00 AM,41.067
05/05/14 10:00:00 AM,44.922
05/05/14 12:00:00 PM,49.228
05/05/14 2:00:00 PM,52.75
05/05/14 4:00:00 PM,53.449
05/05/14 6:00:00 PM,50.819
05/05/14 8:00:00 PM,44.56
05/05/14 10:00:00 PM,43.099
05/06/14 12:00:00 AM,41.625
05/06/14 2:00:00 AM,41.81
05/06/14 4:00:00 AM,41.439
05/06/14 6:00:00 AM,39.573
05/06/14 8:00:00 AM,36.914
05/06/14 10:00:00 AM,41.067
05/06/14 12:00:00 PM,50.29
05/06/14 2:00:00 PM,48.517
05/06/14 4:00:00 PM,45.104
05/06/14 6:00:00 PM,41.625
05/06/14 8:00:00 PM,39.384
05/06/14 10:00:00 PM,39.196
05/07/14 12:00:00 AM,36.531
05/07/14 2:00:00 AM,35.758
05/07/14 4:00:00 AM,32.018
05/07/14 6:00:00 AM,30.403
05/07/14 8:00:00 AM,37.679
05/07/14 10:00:00 AM,42.363
05/07/14 12:00:00 PM,38.44
05/07/14 2:00:00 PM,36.914
05/07/14 4:00:00 PM,41.067
05/07/14 6:00:00 PM,39.007
05/07/14 8:00:00 PM,30.403
05/07/14 10:00:00 PM,28.139
05/08/14 12:00:00 AM,24.526
05/08/14 2:00:00 AM,22.995
05/08/14 4:00:00 AM,22.33
05/08/14 6:00:00 AM,22.33
05/08/14 8:00:00 AM,24.093
05/08/14 10:00:00 AM,29.174
05/08/14 12:00:00 PM,34.786
05/08/14 2:00:00 PM,37.87
05/08/14 4:00:00 PM,30.403
05/08/14 6:00:00 PM,33.411
05/08/14 8:00:00 PM,26.245
05/08/14 10:00:00 PM,24.31
05/09/14 12:00:00 AM,24.093
05/09/14 2:00:00 AM,23.875
05/09/14 4:00:00 AM,24.093
05/09/14 6:00:00 AM,23.875
05/09/14 8:00:00 AM,24.744
05/09/14 10:00:00 AM,26.668
05/09/14 12:00:00 PM,30.607
05/09/14 2:00:00 PM,34.59
05/09/14 4:00:00 PM,30.808
05/09/14 6:00:00 PM,27.93
05/09/14 8:00:00 PM,26.881
05/09/14 10:00:00 PM,27.302
05/10/14 12:00:00 AM,26.245
05/10/14 2:00:00 AM,26.031
05/10/14 4:00:00 AM,26.031
05/10/14 6:00:00 AM,25.605
05/10/14 8:00:00 AM,27.93
05/10/14 10:00:00 AM,32.815
05/10/14 12:00:00 PM,40.881
05/10/14 2:00:00 PM,34.002
05/10/14 4:00:00 PM,34.981
05/10/14 6:00:00 PM,32.617
05/10/14 8:00:00 PM,31.415
05/10/14 10:00:00 PM,31.415
05/11/14 12:00:00 AM,30.808
05/11/14 2:00:00 AM,30.403
05/11/14 4:00:00 AM,29.174
05/11/14 6:00:00 AM,26.031
05/11/14 8:00:00 AM,24.31
05/11/14 10:00:00 AM,26.245
05/11/14 12:00:00 PM,24.744
05/11/14 2:00:00 PM,23.875
05/11/14 4:00:00 PM,20.529
05/11/14 6:00:00 PM,17.983
05/11/14 8:00:00 PM,16.317
05/11/14 10:00:00 PM,16.075
05/12/14 12:00:00 AM,15.346
05/12/14 2:00:00 AM,14.855
05/12/14 4:00:00 AM,14.113
05/12/14 6:00:00 AM,13.615
05/12/14 8:00:00 AM,14.113
05/12/14 10:00:00 AM,17.035
05/12/14 12:00:00 PM,18.451
05/12/14 2:00:00 PM,19.382
05/12/14 4:00:00 PM,17.272
05/12/14 6:00:00 PM,16.795
05/12/14 8:00:00 PM,14.608
05/12/14 10:00:00 PM,12.859
05/13/14 12:00:00 AM,12.607
05/13/14 2:00:00 AM,12.096
05/13/14 4:00:00 AM,10.803
05/13/14 6:00:00 AM,6.199
05/13/14 8:00:00 AM,15.346
05/13/14 10:00:00 AM,19.612
05/13/14 12:00:00 PM,24.31
05/13/14 2:00:00 PM,22.995
05/13/14 4:00:00 PM,31.213
05/13/14 6:00:00 PM,22.33
05/13/14 8:00:00 PM,17.51
05/13/14 10:00:00 PM,15.346
05/14/14 12:00:00 AM,15.346
05/14/14 2:00:00 AM,15.832
05/14/14 4:00:00 AM,16.075
05/14/14 6:00:00 AM,16.795
05/14/14 8:00:00 AM,20.984
05/14/14 10:00:00 AM,26.031
05/14/14 12:00:00 PM,30.607
05/14/14 2:00:00 PM,31.816
05/14/14 4:00:00 PM,29.586
05/14/14 6:00:00 PM,28.346
05/14/14 8:00:00 PM,25.39
05/14/14 10:00:00 PM,23.875
05/15/14 12:00:00 AM,23.436
05/15/14 2:00:00 AM,24.31
05/15/14 4:00:00 AM,24.744
05/15/14 6:00:00 AM,25.174
05/15/14 8:00:00 AM,29.174
05/15/14 10:00:00 AM,34.394
05/15/14 12:00:00 PM,35.175
05/15/14 2:00:00 PM,37.87
05/15/14 4:00:00 PM,38.44
05/15/14 6:00:00 PM,34.981
05/15/14 8:00:00 PM,32.418
05/15/14 10:00:00 PM,31.816
05/16/14 12:00:00 AM,32.617
05/16/14 2:00:00 AM,32.418
05/16/14 4:00:00 AM,31.617
05/16/14 6:00:00 AM,31.816
05/16/14 8:00:00 AM,37.107
05/16/14 10:00:00 AM,41.625
05/16/14 12:00:00 PM,44.56
05/16/14 2:00:00 PM,41.067
05/16/14 4:00:00 PM,38.25
05/16/14 6:00:00 PM,34.002
05/16/14 8:00:00 PM,32.218
05/16/14 10:00:00 PM,31.213
05/17/14 12:00:00 AM,31.415
05/17/14 2:00:00 AM,31.816
05/17/14 4:00:00 AM,31.617
05/17/14 6:00:00 AM,32.418
05/17/14 8:00:00 AM,34.59
05/17/14 10:00:00 AM,39.947
05/17/14 12:00:00 PM,43.099
05/17/14 2:00:00 PM,46.008
05/17/14 4:00:00 PM,47.446
05/17/14 6:00:00 PM,51.172
05/17/14 8:00:00 PM,37.488
05/17/14 10:00:00 PM,36.531
05/18/14 12:00:00 AM,34.59
05/18/14 2:00:00 AM,39.007
05/18/14 4:00:00 AM,41.254
05/18/14 6:00:00 AM,42.179
05/18/14 8:00:00 AM,48.871
05/18/14 10:00:00 AM,52.05
05/18/14 12:00:00 PM,56.057
05/18/14 2:00:00 PM,59.337
05/18/14 4:00:00 PM,55.189
05/18/14 6:00:00 PM,51.699
05/18/14 8:00:00 PM,47.802
05/18/14 10:00:00 PM,46.908
05/19/14 12:00:00 AM,44.56
05/19/14 2:00:00 AM,44.56
05/19/14 4:00:00 AM,42.732
05/19/14 6:00:00 AM,40.696
05/19/14 8:00:00 AM,45.648
05/19/14 10:00:00 AM,49.759
05/19/14 12:00:00 PM,52.576
05/19/14 2:00:00 PM,57.441
05/19/14 4:00:00 PM,59.68
05/19/14 6:00:00 PM,57.785
05/19/14 8:00:00 PM,46.188
05/19/14 10:00:00 PM,40.321
05/20/14 12:00:00 AM,36.914
05/20/14 2:00:00 AM,35.951
05/20/14 4:00:00 AM,34.002
05/20/14 6:00:00 AM,34.59
05/20/14 8:00:00 AM,46.369
05/20/14 10:00:00 AM,45.648
05/20/14 12:00:00 PM,50.819
05/20/14 2:00:00 PM,50.466
05/20/14 4:00:00 PM,53.274
05/20/14 6:00:00 PM,50.466
05/20/14 8:00:00 PM,42.548
05/20/14 10:00:00 PM,39.196
05/21/14 12:00:00 AM,36.914
05/21/14 2:00:00 AM,35.564
05/21/14 4:00:00 AM,36.338
05/21/14 6:00:00 AM,36.145
05/21/14 8:00:00 AM,43.466
05/21/14 10:00:00 AM,49.404
05/21/14 12:00:00 PM,48.339
05/21/14 2:00:00 PM,50.643
05/21/14 4:00:00 PM,44.013
05/21/14 6:00:00 PM,44.195
05/21/14 8:00:00 PM,37.679
05/21/14 10:00:00 PM,35.758
05/22/14 12:00:00 AM,35.951
05/22/14 2:00:00 AM,35.951
05/22/14 4:00:00 AM,35.175
05/22/14 6:00:00 AM,34.198
05/22/14 8:00:00 AM,41.994
05/22/14 10:00:00 AM,51.172
05/22/14 12:00:00 PM,49.582
05/22/14 2:00:00 PM,42.915
05/22/14 4:00:00 PM,44.195
05/22/14 6:00:00 PM,47.624
05/22/14 8:00:00 PM,38.818
05/22/14 10:00:00 PM,35.758
05/23/14 12:00:00 AM,34.59
05/23/14 2:00:00 AM,34.198
05/23/14 4:00:00 AM,33.411
05/23/14 6:00:00 AM,34.002
05/23/14 8:00:00 AM,42.915
05/23/14 10:00:00 AM,46.908
05/23/14 12:00:00 PM,48.339
05/23/14 2:00:00 PM,38.818
05/23/14 4:00:00 PM,45.648
05/23/14 6:00:00 PM,41.625
05/23/14 8:00:00 PM,38.061
05/23/14 10:00:00 PM,36.723
05/24/14 12:00:00 AM,36.145
05/24/14 2:00:00 AM,34.981
05/24/14 4:00:00 AM,35.564
05/24/14 6:00:00 AM,34.786
05/24/14 8:00:00 AM,39.573
05/24/14 10:00:00 AM,43.099
05/24/14 12:00:00 PM,43.648
05/24/14 2:00:00 PM,44.742
05/24/14 4:00:00 PM,43.648
05/24/14 6:00:00 PM,39.384
05/24/14 8:00:00 PM,34.786
05/24/14 10:00:00 PM,33.607
05/25/14 12:00:00 AM,33.411
05/25/14 2:00:00 AM,33.411
05/25/14 4:00:00 AM,33.213
05/25/14 6:00:00 AM,33.607
05/25/14 8:00:00 AM,35.758
05/25/14 10:00:00 AM,38.061
05/25/14 12:00:00 PM,38.44
05/25/14 2:00:00 PM,41.067
05/25/14 4:00:00 PM,33.013
05/25/14 6:00:00 PM,34.786
05/25/14 8:00:00 PM,33.213
05/25/14 10:00:00 PM,31.415
05/26/14 12:00:00 AM,31.816
05/26/14 2:00:00 AM,32.617
05/26/14 4:00:00 AM,31.617
05/26/14 6:00:00 AM,30.403
05/26/14 8:00:00 AM,38.061
05/26/14 10:00:00 AM,45.828
05/26/14 12:00:00 PM,48.16
05/26/14 2:00:00 PM,48.339
05/26/14 4:00:00 PM,53.973
05/26/14 6:00:00 PM,46.548
05/26/14 8:00:00 PM,43.466
05/26/14 10:00:00 PM,41.439
05/27/14 12:00:00 AM,40.696
05/27/14 2:00:00 AM,41.067
05/27/14 4:00:00 AM,42.179
05/27/14 6:00:00 AM,40.881
05/27/14 8:00:00 AM,46.548
05/27/14 10:00:00 AM,49.759
05/27/14 12:00:00 PM,53.1
05/27/14 2:00:00 PM,57.614
05/27/14 4:00:00 PM,55.884
05/27/14 6:00:00 PM,54.322
05/27/14 8:00:00 PM,47.802
05/27/14 10:00:00 PM,45.286
05/28/14 12:00:00 AM,41.81
05/28/14 2:00:00 AM,40.881
05/28/14 4:00:00 AM,41.439
05/28/14 6:00:00 AM,41.81
05/28/14 8:00:00 AM,52.576
05/28/14 10:00:00 AM,57.096
05/28/14 12:00:00 PM,60.539
05/28/14 2:00:00 PM,62.425
05/28/14 4:00:00 PM,63.455
05/28/14 6:00:00 PM,61.569
05/28/14 8:00:00 PM,51.523
05/28/14 10:00:00 PM,44.742
05/29/14 12:00:00 AM,44.013
05/29/14 2:00:00 AM,43.099
05/29/14 4:00:00 AM,43.099
05/29/14 6:00:00 AM,43.648
05/29/14 8:00:00 AM,53.449
05/29/14 10:00:00 AM,55.884
05/29/14 12:00:00 PM,58.647
05/29/14 2:00:00 PM,59.164
05/29/14 4:00:00 PM,49.582
05/29/14 6:00:00 PM,51.523
05/29/14 8:00:00 PM,45.466
05/29/14 10:00:00 PM,44.195
05/30/14 12:00:00 AM,44.013
05/30/14 2:00:00 AM,44.013
05/30/14 4:00:00 AM,43.648
05/30/14 6:00:00 AM,41.067
05/30/14 8:00:00 AM,47.802
05/30/14 10:00:00 AM,50.819
05/30/14 12:00:00 PM,43.282
05/30/14 2:00:00 PM,42.548
05/30/14 4:00:00 PM,43.099
05/30/14 6:00:00 PM,44.742
05/30/14 8:00:00 PM,40.881
05/30/14 10:00:00 PM,39.947
05/31/14 12:00:00 AM,39.76
05/31/14 2:00:00 AM,39.947
05/31/14 4:00:00 AM,40.321
05/31/14 6:00:00 AM,43.466
05/31/14 8:00:00 AM,47.982
05/31/14 10:00:00 AM,50.819
05/31/14 12:00:00 PM,52.05
05/31/14 2:00:00 PM,57.268
05/31/14 4:00:00 PM,48.16
05/31/14 6:00:00 PM,53.798
05/31/14 8:00:00 PM,48.695
05/31/14 10:00:00 PM,47.266
06/01/14 12:00:00 AM,46.369
06/01/14 2:00:00 AM,47.982
06/01/14 4:00:00 AM,44.195
06/01/14 6:00:00 AM,44.742
06/01/14 8:00:00 AM,41.81
06/01/14 10:00:00 AM,46.908
06/01/14 12:00:00 PM,52.401
06/01/14 2:00:00 PM,53.449
06/01/14 4:00:00 PM,56.923
06/01/14 6:00:00 PM,51.874
06/01/14 8:00:00 PM,48.517
06/01/14 10:00:00 PM,43.831
06/02/14 12:00:00 AM,42.363
06/02/14 2:00:00 AM,38.44
06/02/14 4:00:00 AM,35.37
06/02/14 6:00:00 AM,41.067
06/02/14 8:00:00 AM,48.16
06/02/14 10:00:00 AM,50.113
06/02/14 12:00:00 PM,53.973
06/02/14 2:00:00 PM,57.958
06/02/14 4:00:00 PM,61.227
06/02/14 6:00:00 PM,57.614
06/02/14 8:00:00 PM,47.446
06/02/14 10:00:00 PM,44.195
06/03/14 12:00:00 AM,43.831
06/03/14 2:00:00 AM,47.266
06/03/14 4:00:00 AM,47.624
06/03/14 6:00:00 AM,50.466
06/03/14 8:00:00 AM,54.322
06/03/14 10:00:00 AM,54.495
06/03/14 12:00:00 PM,57.441
06/03/14 2:00:00 PM,59.508
06/03/14 4:00:00 PM,60.883
06/03/14 6:00:00 PM,57.785
06/03/14 8:00:00 PM,52.401
06/03/14 10:00:00 PM,47.802
06/04/14 12:00:00 AM,48.339
06/04/14 2:00:00 AM,47.088
06/04/14 4:00:00 AM,39.573
06/04/14 6:00:00 AM,37.297
06/04/14 8:00:00 AM,49.937
06/04/14 10:00:00 AM,54.322
06/04/14 12:00:00 PM,56.23
06/04/14 2:00:00 PM,56.577
06/04/14 4:00:00 PM,58.82
06/04/14 6:00:00 PM,58.647
06/04/14 8:00:00 PM,52.75
06/04/14 10:00:00 PM,48.695
06/05/14 12:00:00 AM,41.81
06/05/14 2:00:00 AM,38.061
06/05/14 4:00:00 AM,35.37
06/05/14 6:00:00 AM,40.509
06/05/14 8:00:00 AM,49.228
06/05/14 10:00:00 AM,52.225
06/05/14 12:00:00 PM,54.842
06/05/14 2:00:00 PM,59.68
06/05/14 4:00:00 PM,52.05
06/05/14 6:00:00 PM,47.446
06/05/14 8:00:00 PM,44.922
06/05/14 10:00:00 PM,41.994
06/06/14 12:00:00 AM,42.179
06/06/14 2:00:00 AM,38.44
06/06/14 4:00:00 AM,37.297
06/06/14 6:00:00 AM,37.87
06/06/14 8:00:00 AM,49.05
06/06/14 10:00:00 AM,54.495
06/06/14 12:00:00 PM,56.577
06/06/14 2:00:00 PM,48.339
06/06/14 4:00:00 PM,50.995
06/06/14 6:00:00 PM,47.982
06/06/14 8:00:00 PM,48.517
06/06/14 10:00:00 PM,41.994
06/07/14 12:00:00 AM,39.196
06/07/14 2:00:00 AM,36.531
06/07/14 4:00:00 AM,37.488
06/07/14 6:00:00 AM,33.213
06/07/14 8:00:00 AM,47.266
06/07/14 10:00:00 AM,52.225
06/07/14 12:00:00 PM,54.322
06/07/14 2:00:00 PM,49.05
06/07/14 4:00:00 PM,49.05
06/07/14 6:00:00 PM,45.828
06/07/14 8:00:00 PM,42.732
06/07/14 10:00:00 PM,39.573
06/08/14 12:00:00 AM,38.818
06/08/14 2:00:00 AM,39.573
06/08/14 4:00:00 AM,41.439
06/08/14 6:00:00 AM,44.742
06/08/14 8:00:00 AM,49.759
06/08/14 10:00:00 AM,50.466
06/08/14 12:00:00 PM,39.76
06/08/14 2:00:00 PM,43.648
06/08/14 4:00:00 PM,35.758
06/08/14 6:00:00 PM,33.213
06/08/14 8:00:00 PM,32.418
06/08/14 10:00:00 PM,30.607
06/09/14 12:00:00 AM,29.174
06/09/14 2:00:00 AM,26.458
06/09/14 4:00:00 AM,24.744
06/09/14 6:00:00 AM,24.093
06/09/14 8:00:00 AM,31.617
06/09/14 10:00:00 AM,36.723
06/09/14 12:00:00 PM,41.439
06/09/14 2:00:00 PM,45.648
06/09/14 4:00:00 PM,51.172
06/09/14 6:00:00 PM,50.643
06/09/14 8:00:00 PM,44.379
06/09/14 10:00:00 PM,42.179
06/10/14 12:00:00 AM,40.509
06/10/14 2:00:00 AM,40.881
06/10/14 4:00:00 AM,42.915
06/10/14 6:00:00 AM,42.732
06/10/14 8:00:00 AM,46.728
06/10/14 10:00:00 AM,45.104
06/10/14 12:00:00 PM,53.449
06/10/14 2:00:00 PM,56.404
06/10/14 4:00:00 PM,50.466
06/10/14 6:00:00 PM,48.517
06/10/14 8:00:00 PM,48.517
06/10/14 10:00:00 PM,47.624
06/11/14 12:00:00 AM,45.648
06/11/14 2:00:00 AM,46.008
06/11/14 4:00:00 AM,46.188
06/11/14 6:00:00 AM,46.369
06/11/14 8:00:00 AM,47.088
06/11/14 10:00:00 AM,52.05
06/11/14 12:00:00 PM,55.537
06/11/14 2:00:00 PM,49.228
06/11/14 4:00:00 PM,53.623
06/11/14 6:00:00 PM,47.802
06/11/14 8:00:00 PM,41.81
06/11/14 10:00:00 PM,39.947
06/12/14 12:00:00 AM,38.629
06/12/14 2:00:00 AM,40.134
06/12/14 4:00:00 AM,34.981
06/12/14 6:00:00 AM,35.175
06/12/14 8:00:00 AM,42.915
06/12/14 10:00:00 AM,47.982
06/12/14 12:00:00 PM,52.925
06/12/14 2:00:00 PM,57.958
06/12/14 4:00:00 PM,57.096
06/12/14 6:00:00 PM,51.346
06/12/14 8:00:00 PM,46.728
06/12/14 10:00:00 PM,47.624
06/13/14 12:00:00 AM,44.922
06/13/14 2:00:00 AM,48.16
06/13/14 4:00:00 AM,48.339
06/13/14 6:00:00 AM,49.759
06/13/14 8:00:00 AM,53.274
06/13/14 10:00:00 AM,53.1
06/13/14 12:00:00 PM,55.884
06/13/14 2:00:00 PM,60.883
06/13/14 4:00:00 PM,63.968
06/13/14 6:00:00 PM,60.368
06/13/14 8:00:00 PM,54.669
06/13/14 10:00:00 PM,50.995
06/14/14 12:00:00 AM,49.228
06/14/14 2:00:00 AM,48.16
06/14/14 4:00:00 AM,46.548
06/14/14 6:00:00 AM,41.439
06/14/14 8:00:00 AM,45.286
06/14/14 10:00:00 AM,48.517
06/14/14 12:00:00 PM,53.623
06/14/14 2:00:00 PM,47.266
06/14/14 4:00:00 PM,47.266
06/14/14 6:00:00 PM,40.134
06/14/14 8:00:00 PM,39.007
06/14/14 10:00:00 PM,38.25
06/15/14 12:00:00 AM,34.786
06/15/14 2:00:00 AM,33.213
06/15/14 4:00:00 AM,33.411
06/15/14 6:00:00 AM,34.981
06/15/14 8:00:00 AM,37.107
06/15/14 10:00:00 AM,40.881
06/15/14 12:00:00 PM,43.466
06/15/14 2:00:00 PM,44.56
06/15/14 4:00:00 PM,47.266
06/15/14 6:00:00 PM,51.874
06/15/14 8:00:00 PM,43.831
06/15/14 10:00:00 PM,41.254
06/16/14 12:00:00 AM,45.828
06/16/14 2:00:00 AM,47.088
06/16/14 4:00:00 AM,45.648
06/16/14 6:00:00 AM,45.286
06/16/14 8:00:00 AM,46.369
06/16/14 10:00:00 AM,48.871
06/16/14 12:00:00 PM,53.274
06/16/14 2:00:00 PM,58.82
06/16/14 4:00:00 PM,61.741
06/16/14 6:00:00 PM,55.017
06/16/14 8:00:00 PM,49.759
06/16/14 10:00:00 PM,47.802
06/17/14 12:00:00 AM,47.982
06/17/14 2:00:00 AM,46.908
06/17/14 4:00:00 AM,43.831
06/17/14 6:00:00 AM,42.548
06/17/14 8:00:00 AM,48.517
06/17/14 10:00:00 AM,52.05
06/17/14 12:00:00 PM,56.577
06/17/14 2:00:00 PM,60.024
06/17/14 4:00:00 PM,58.303
06/17/14 6:00:00 PM,54.147
06/17/14 8:00:00 PM,51.699
06/17/14 10:00:00 PM,50.819
06/18/14 12:00:00 AM,47.266
06/18/14 2:00:00 AM,44.922
06/18/14 4:00:00 AM,40.881
06/18/14 6:00:00 AM,43.466
06/18/14 8:00:00 AM,48.695
06/18/14 10:00:00 AM,51.699
06/18/14 12:00:00 PM,50.819
06/18/14 2:00:00 PM,53.274
06/18/14 4:00:00 PM,46.369
06/18/14 6:00:00 PM,37.87
06/18/14 8:00:00 PM,40.509
06/18/14 10:00:00 PM,40.881
06/19/14 12:00:00 AM,38.44
06/19/14 2:00:00 AM,35.37
06/19/14 4:00:00 AM,32.617
06/19/14 6:00:00 AM,33.013
06/19/14 8:00:00 AM,37.87
06/19/14 10:00:00 AM,40.509
06/19/14 12:00:00 PM,45.104
06/19/14 2:00:00 PM,50.643
06/19/14 4:00:00 PM,56.923
06/19/14 6:00:00 PM,53.274
06/19/14 8:00:00 PM,49.05
06/19/14 10:00:00 PM,45.828
06/20/14 12:00:00 AM,44.922
06/20/14 2:00:00 AM,41.439
06/20/14 4:00:00 AM,41.81
06/20/14 6:00:00 AM,40.509
06/20/14 8:00:00 AM,49.228
06/20/14 10:00:00 AM,52.401
06/20/14 12:00:00 PM,56.923
06/20/14 2:00:00 PM,61.054
06/20/14 4:00:00 PM,64.825
06/20/14 6:00:00 PM,62.598
06/20/14 8:00:00 PM,52.05
06/20/14 10:00:00 PM,47.088
06/21/14 12:00:00 AM,46.728
06/21/14 2:00:00 AM,41.81
06/21/14 4:00:00 AM,39.76
06/21/14 6:00:00 AM,42.179
06/21/14 8:00:00 AM,48.695
06/21/14 10:00:00 AM,55.189
06/21/14 12:00:00 PM,60.024
06/21/14 2:00:00 PM,54.147
06/21/14 4:00:00 PM,45.286
06/21/14 6:00:00 PM,56.23
06/21/14 8:00:00 PM,49.937
06/21/14 10:00:00 PM,45.648
06/22/14 12:00:00 AM,47.446
06/22/14 2:00:00 AM,41.994
06/22/14 4:00:00 AM,41.254
06/22/14 6:00:00 AM,45.648
06/22/14 8:00:00 AM,39.76
06/22/14 10:00:00 AM,50.466
06/22/14 12:00:00 PM,54.495
06/22/14 2:00:00 PM,54.669
06/22/14 4:00:00 PM,56.057
06/22/14 6:00:00 PM,52.05
06/22/14 8:00:00 PM,45.828
06/22/14 10:00:00 PM,42.915
06/23/14 12:00:00 AM,41.625
06/23/14 2:00:00 AM,39.007
06/23/14 4:00:00 AM,37.488
06/23/14 6:00:00 AM,37.297
06/23/14 8:00:00 AM,49.937
06/23/14 10:00:00 AM,53.973
06/23/14 12:00:00 PM,57.785
06/23/14 2:00:00 PM,55.711
06/23/14 4:00:00 PM,52.401
06/23/14 6:00:00 PM,47.802
06/23/14 8:00:00 PM,47.446
06/23/14 10:00:00 PM,41.81
06/24/14 12:00:00 AM,39.573
06/24/14 2:00:00 AM,40.321
06/24/14 4:00:00 AM,41.81
06/24/14 6:00:00 AM,40.321
06/24/14 8:00:00 AM,46.369
06/24/14 10:00:00 AM,53.798
06/24/14 12:00:00 PM,58.647
06/24/14 2:00:00 PM,54.842
06/24/14 4:00:00 PM,57.096
06/24/14 6:00:00 PM,50.466
06/24/14 8:00:00 PM,49.759
06/24/14 10:00:00 PM,44.195
06/25/14 12:00:00 AM,43.466
06/25/14 2:00:00 AM,42.548
06/25/14 4:00:00 AM,42.363
06/25/14 6:00:00 AM,39.007
06/25/14 8:00:00 AM,48.871
06/25/14 10:00:00 AM,58.993
06/25/14 12:00:00 PM,60.024
06/25/14 2:00:00 PM,63.455
06/25/14 4:00:00 PM,61.912
06/25/14 6:00:00 PM,62.94
06/25/14 8:00:00 PM,53.274
06/25/14 10:00:00 PM,50.643
06/26/14 12:00:00 AM,46.188
06/26/14 2:00:00 AM,46.548
06/26/14 4:00:00 AM,50.995
06/26/14 6:00:00 AM,51.874
06/26/14 8:00:00 AM,56.75
06/26/14 10:00:00 AM,58.993
06/26/14 12:00:00 PM,63.282
06/26/14 2:00:00 PM,65.851
06/26/14 4:00:00 PM,63.797
06/26/14 6:00:00 PM,56.75
06/26/14 8:00:00 PM,57.785
06/26/14 10:00:00 PM,54.669
06/27/14 12:00:00 AM,51.346
06/27/14 2:00:00 AM,48.695
06/27/14 4:00:00 AM,46.728
06/27/14 6:00:00 AM,44.56
06/27/14 8:00:00 AM,47.088
06/27/14 10:00:00 AM,50.113
06/27/14 12:00:00 PM,54.669
06/27/14 2:00:00 PM,55.017
06/27/14 4:00:00 PM,52.05
06/27/14 6:00:00 PM,43.282
06/27/14 8:00:00 PM,42.179
06/27/14 10:00:00 PM,41.254
06/28/14 12:00:00 AM,39.947
06/28/14 2:00:00 AM,35.951
06/28/14 4:00:00 AM,35.37
06/28/14 6:00:00 AM,35.175
06/28/14 8:00:00 AM,38.25
06/28/14 10:00:00 AM,41.81
06/28/14 12:00:00 PM,45.828
06/28/14 2:00:00 PM,50.995
06/28/14 4:00:00 PM,55.884
06/28/14 6:00:00 PM,54.495
06/28/14 8:00:00 PM,50.643
06/28/14 10:00:00 PM,49.404
06/29/14 12:00:00 AM,49.759
06/29/14 2:00:00 AM,46.548
06/29/14 4:00:00 AM,47.624
06/29/14 6:00:00 AM,49.404
06/29/14 8:00:00 AM,53.449
06/29/14 10:00:00 AM,55.884
06/29/14 12:00:00 PM,59.337
06/29/14 2:00:00 PM,64.825
06/29/14 4:00:00 PM,68.077
06/29/14 6:00:00 PM,61.912
06/29/14 8:00:00 PM,58.993
06/29/14 10:00:00 PM,54.495
06/30/14 12:00:00 AM,54.147
06/30/14 2:00:00 AM,51.523
06/30/14 4:00:00 AM,51.874
06/30/14 6:00:00 AM,49.582
06/30/14 8:00:00 AM,49.937
06/30/14 10:00:00 AM,54.322
06/30/14 12:00:00 PM,58.131
06/30/14 2:00:00 PM,62.94
06/30/14 4:00:00 PM,65.167
06/30/14 6:00:00 PM,64.652
06/30/14 8:00:00 PM,56.404
06/30/14 10:00:00 PM,46.548
07/01/14 12:00:00 AM,41.625
07/01/14 2:00:00 AM,36.531
07/01/14 4:00:00 AM,35.564
07/01/14 6:00:00 AM,37.297
07/01/14 8:00:00 AM,41.625
07/01/14 10:00:00 AM,41.625
07/01/14 12:00:00 PM,46.008
07/01/14 2:00:00 PM,53.449
07/01/14 4:00:00 PM,56.75
07/01/14 6:00:00 PM,50.819
07/01/14 8:00:00 PM,45.104
07/01/14 10:00:00 PM,43.282
07/02/14 12:00:00 AM,40.696
07/02/14 2:00:00 AM,39.196
07/02/14 4:00:00 AM,38.629
07/02/14 6:00:00 AM,38.25
07/02/14 8:00:00 AM,40.509
07/02/14 10:00:00 AM,49.937
07/02/14 12:00:00 PM,52.75
07/02/14 2:00:00 PM,55.364
07/02/14 4:00:00 PM,61.569
07/02/14 6:00:00 PM,54.495
07/02/14 8:00:00 PM,48.871
07/02/14 10:00:00 PM,46.369
07/03/14 12:00:00 AM,42.179
07/03/14 2:00:00 AM,42.363
07/03/14 4:00:00 AM,48.16
07/03/14 6:00:00 AM,44.922
07/03/14 8:00:00 AM,56.577
07/03/14 10:00:00 AM,60.195
07/03/14 12:00:00 PM,63.626
07/03/14 2:00:00 PM,64.481
07/03/14 4:00:00 PM,65.851
07/03/14 6:00:00 PM,58.993
07/03/14 8:00:00 PM,54.495
07/03/14 10:00:00 PM,49.404
07/04/14 12:00:00 AM,50.29
07/04/14 2:00:00 AM,49.759
07/04/14 4:00:00 AM,50.819
07/04/14 6:00:00 AM,51.346
07/04/14 8:00:00 AM,55.537
07/04/14 10:00:00 AM,56.577
07/04/14 12:00:00 PM,63.455
07/04/14 2:00:00 PM,62.254
07/04/14 4:00:00 PM,55.884
07/04/14 6:00:00 PM,58.476
07/04/14 8:00:00 PM,49.05
07/04/14 10:00:00 PM,47.982
07/05/14 12:00:00 AM,49.05
07/05/14 2:00:00 AM,48.517
07/05/14 4:00:00 AM,49.05
07/05/14 6:00:00 AM,48.695
07/05/14 8:00:00 AM,53.798
07/05/14 10:00:00 AM,57.785
07/05/14 12:00:00 PM,62.083
07/05/14 2:00:00 PM,68.077
07/05/14 4:00:00 PM,62.598
07/05/14 6:00:00 PM,56.404
07/05/14 8:00:00 PM,57.441
07/05/14 10:00:00 PM,48.695
07/06/14 12:00:00 AM,47.088
07/06/14 2:00:00 AM,47.982
07/06/14 4:00:00 AM,52.05
07/06/14 6:00:00 AM,51.874
07/06/14 8:00:00 AM,57.614
07/06/14 10:00:00 AM,62.425
07/06/14 12:00:00 PM,62.94
07/06/14 2:00:00 PM,50.819
07/06/14 4:00:00 PM,57.614
07/06/14 6:00:00 PM,64.996
07/06/14 8:00:00 PM,58.647
07/06/14 10:00:00 PM,50.29
07/07/14 12:00:00 AM,53.623
07/07/14 2:00:00 AM,55.364
07/07/14 4:00:00 AM,52.576
07/07/14 6:00:00 AM,51.874
07/07/14 8:00:00 AM,59.337
07/07/14 10:00:00 AM,62.083
07/07/14 12:00:00 PM,66.193
07/07/14 2:00:00 PM,69.793
07/07/14 4:00:00 PM,72.372
07/07/14 6:00:00 PM,72.718
07/07/14 8:00:00 PM,58.82
07/07/14 10:00:00 PM,52.225
07/08/14 12:00:00 AM,49.05
07/08/14 2:00:00 AM,47.266
07/08/14 4:00:00 AM,46.548
07/08/14 6:00:00 AM,45.648
07/08/14 8:00:00 AM,49.05
07/08/14 10:00:00 AM,49.937
07/08/14 12:00:00 PM,54.495
07/08/14 2:00:00 PM,54.842
07/08/14 4:00:00 PM,61.398
07/08/14 6:00:00 PM,55.711
07/08/14 8:00:00 PM,51.172
07/08/14 10:00:00 PM,47.266
07/09/14 12:00:00 AM,47.088
07/09/14 2:00:00 AM,46.548
07/09/14 4:00:00 AM,50.819
07/09/14 6:00:00 AM,50.466
07/09/14 8:00:00 AM,55.364
07/09/14 10:00:00 AM,58.303
07/09/14 12:00:00 PM,63.968
07/09/14 2:00:00 PM,60.368
07/09/14 4:00:00 PM,68.934
07/09/14 6:00:00 PM,56.057
07/09/14 8:00:00 PM,50.29
07/09/14 10:00:00 PM,51.346
07/10/14 12:00:00 AM,52.925
07/10/14 2:00:00 AM,52.225
07/10/14 4:00:00 AM,52.925
07/10/14 6:00:00 AM,51.523
07/10/14 8:00:00 AM,56.75
07/10/14 10:00:00 AM,59.164
07/10/14 12:00:00 PM,65.851
07/10/14 2:00:00 PM,59.851
07/10/14 4:00:00 PM,58.131
07/10/14 6:00:00 PM,58.647
07/10/14 8:00:00 PM,57.958
07/10/14 10:00:00 PM,54.495
07/11/14 12:00:00 AM,54.495
07/11/14 2:00:00 AM,49.582
07/11/14 4:00:00 AM,51.874
07/11/14 6:00:00 AM,51.346
07/11/14 8:00:00 AM,52.75
07/11/14 10:00:00 AM,57.096
07/11/14 12:00:00 PM,62.425
07/11/14 2:00:00 PM,65.851
07/11/14 4:00:00 PM,54.495
07/11/14 6:00:00 PM,55.711
07/11/14 8:00:00 PM,54.842
07/11/14 10:00:00 PM,51.346
07/12/14 12:00:00 AM,50.643
07/12/14 2:00:00 AM,50.995
07/12/14 4:00:00 AM,49.937
07/12/14 6:00:00 AM,51.699
07/12/14 8:00:00 AM,52.925
07/12/14 10:00:00 AM,55.017
07/12/14 12:00:00 PM,60.024
07/12/14 2:00:00 PM,56.23
07/12/14 4:00:00 PM,57.785
07/12/14 6:00:00 PM,52.225
07/12/14 8:00:00 PM,50.29
07/12/14 10:00:00 PM,48.517
07/13/14 12:00:00 AM,46.188
07/13/14 2:00:00 AM,42.732
07/13/14 4:00:00 AM,40.509
07/13/14 6:00:00 AM,39.573
07/13/14 8:00:00 AM,48.339
07/13/14 10:00:00 AM,57.441
07/13/14 12:00:00 PM,57.441
07/13/14 2:00:00 PM,60.539
07/13/14 4:00:00 PM,56.404
07/13/14 6:00:00 PM,54.147
07/13/14 8:00:00 PM,51.523
07/13/14 10:00:00 PM,48.16
07/14/14 12:00:00 AM,45.286
07/14/14 2:00:00 AM,43.831
07/14/14 4:00:00 AM,43.282
07/14/14 6:00:00 AM,43.648
07/14/14 8:00:00 AM,52.225
07/14/14 10:00:00 AM,55.711
07/14/14 12:00:00 PM,56.404
07/14/14 2:00:00 PM,53.973
07/14/14 4:00:00 PM,56.923
07/14/14 6:00:00 PM,53.798
07/14/14 8:00:00 PM,49.05
07/14/14 10:00:00 PM,47.624
07/15/14 12:00:00 AM,46.008
07/15/14 2:00:00 AM,46.908
07/15/14 4:00:00 AM,46.908
07/15/14 6:00:00 AM,47.266
07/15/14 8:00:00 AM,52.401
07/15/14 10:00:00 AM,56.923
07/15/14 12:00:00 PM,62.425
07/15/14 2:00:00 PM,51.523
07/15/14 4:00:00 PM,52.401
07/15/14 6:00:00 PM,51.523
07/15/14 8:00:00 PM,49.05
07/15/14 10:00:00 PM,48.339
07/16/14 12:00:00 AM,48.695
07/16/14 2:00:00 AM,46.908
07/16/14 4:00:00 AM,45.104
07/16/14 6:00:00 AM,45.466
07/16/14 8:00:00 AM,49.404
07/16/14 10:00:00 AM,54.322
07/16/14 12:00:00 PM,58.303
07/16/14 2:00:00 PM,56.23
07/16/14 4:00:00 PM,50.466
07/16/14 6:00:00 PM,48.16
07/16/14 8:00:00 PM,44.013
07/16/14 10:00:00 PM,41.81
07/17/14 12:00:00 AM,41.81
07/17/14 2:00:00 AM,39.573
07/17/14 4:00:00 AM,38.25
07/17/14 6:00:00 AM,39.196
07/17/14 8:00:00 AM,46.008
07/17/14 10:00:00 AM,47.982
07/17/14 12:00:00 PM,49.228
07/17/14 2:00:00 PM,54.322
07/17/14 4:00:00 PM,52.576
07/17/14 6:00:00 PM,51.346
07/17/14 8:00:00 PM,48.517
07/17/14 10:00:00 PM,45.466
07/18/14 12:00:00 AM,48.339
07/18/14 2:00:00 AM,48.339
07/18/14 4:00:00 AM,47.982
07/18/14 6:00:00 AM,48.695
07/18/14 8:00:00 AM,53.973
07/18/14 10:00:00 AM,51.523
07/18/14 12:00:00 PM,56.577
07/18/14 2:00:00 PM,62.94
07/18/14 4:00:00 PM,60.195
07/18/14 6:00:00 PM,58.476
07/18/14 8:00:00 PM,54.669
07/18/14 10:00:00 PM,52.75
07/19/14 12:00:00 AM,52.576
07/19/14 2:00:00 AM,50.819
07/19/14 4:00:00 AM,50.995
07/19/14 6:00:00 AM,47.088
07/19/14 8:00:00 AM,56.23
07/19/14 10:00:00 AM,59.164
07/19/14 12:00:00 PM,62.94
07/19/14 2:00:00 PM,67.221
07/19/14 4:00:00 PM,67.906
07/19/14 6:00:00 PM,70.137
07/19/14 8:00:00 PM,60.195
07/19/14 10:00:00 PM,57.958
07/20/14 12:00:00 AM,57.268
07/20/14 2:00:00 AM,57.441
07/20/14 4:00:00 AM,56.057
07/20/14 6:00:00 AM,53.798
07/20/14 8:00:00 AM,57.441
07/20/14 10:00:00 AM,62.254
07/20/14 12:00:00 PM,66.193
07/20/14 2:00:00 PM,69.793
07/20/14 4:00:00 PM,65.68
07/20/14 6:00:00 PM,66.022
07/20/14 8:00:00 PM,54.842
07/20/14 10:00:00 PM,55.017
07/21/14 12:00:00 AM,54.842
07/21/14 2:00:00 AM,55.364
07/21/14 4:00:00 AM,55.884
07/21/14 6:00:00 AM,55.189
07/21/14 8:00:00 AM,55.364
07/21/14 10:00:00 AM,58.303
07/21/14 12:00:00 PM,61.912
07/21/14 2:00:00 PM,67.564
07/21/14 4:00:00 PM,72.372
07/21/14 6:00:00 PM,68.077
07/21/14 8:00:00 PM,62.425
07/21/14 10:00:00 PM,54.842
07/22/14 12:00:00 AM,51.346
07/22/14 2:00:00 AM,53.1
07/22/14 4:00:00 AM,55.017
07/22/14 6:00:00 AM,54.322
07/22/14 8:00:00 AM,60.195
07/22/14 10:00:00 AM,63.797
07/22/14 12:00:00 PM,67.392
07/22/14 2:00:00 PM,72.028
07/22/14 4:00:00 PM,73.926
07/22/14 6:00:00 PM,68.763
07/22/14 8:00:00 PM,60.712
07/22/14 10:00:00 PM,56.404
07/23/14 12:00:00 AM,54.147
07/23/14 2:00:00 AM,54.322
07/23/14 4:00:00 AM,53.1
07/23/14 6:00:00 AM,55.189
07/23/14 8:00:00 AM,63.111
07/23/14 10:00:00 AM,65.851
07/23/14 12:00:00 PM,69.964
07/23/14 2:00:00 PM,65.338
07/23/14 4:00:00 PM,74.271